fiscal_year,branches,employees,members,borrowers,loan_disbursement,loan_outstanding,savings
2015-16,16204.0000,122335.0000,27.1000,22.8000,776.0000,448.1000,169.0400
2016-17,17081.0000,137607.0000,29.7500,24.7200,1046.1200,570.6200,217.9300
2017-18,18196.0000,153919.0000,31.2000,25.3900,1202.0000,675.0500,263.0400
2018-19,18825.0000,159965.0000,32.3600,25.7600,1407.2000,787.5800,306.1900
2019-20,20898.0000,171110.0000,33.3100,26.1500,1362.7500,888.6400,373.9000
2020-21,20955.0000,175741.0000,35.1900,27.8000,1512.0900,949.8500,422.3900
2021-22,23543.0000,206713.0000,38.2700,29.7400,1918.8300,1241.4900,496.2400
2022-23,25225.0000,206237.0000,40.8600,31.5300,2493.0200,1504.1800,620.5500
2023-24,26071.0000,223459.0000,41.5500,32.1700,2615.2400,1594.1000,685.9100
2024-25,27113.0000,234380.0000,43.9800,33.6800,2770.3800,1748.8000,799.3200
