edition,serial,license_no,license_printed,name,page,branches,employees_male,employees_female,employees_total,clients_male,clients_female,clients_third_gender,clients_total,borrowers_male,borrowers_female,borrowers_third_gender,borrowers_total,savings_bdt,loan_disbursement_bdt,loan_outstanding_bdt
2025-06,1,792,21112-01012-00792,Abalamban,70,2,10,2,12,968,2075,,3043,643,1451,,2094,15596866,,35744582
2025-06,2,529,03722-03365-00529,Abdul Hai Zahura Welfare Foundation,70,1,4,1,5,280,1102,,1382,237,855,,1092,3611856,10611000,13029545
2025-06,3,388,01771-03222-00388,Abdul Momen Khan Memorial Foundation (Khan Foundation),70,1,2,0,2,,5619,,5619,,2215,,2215,23299279,105491000,71436731
2025-06,4,244,00584-01897-00244,Access Toward Livelihood and Welfare Organization (ALWO),70,3,7,4,11,,1606,,1606,,1311,,1311,4912636,36808000,25743491
2025-06,5,894,32021-00881-00894,Action for Community Development,70,2,10,0,10,,2005,,2005,,1499,,1499,8507824,83975000,46182413
2025-06,6,265,00684-02909-00265,ACTION FOR HUMAN DEVELOPMENT ORGANIZATION AHDO,70,18,27,4,31,758,20417,22,21197,387,13960,15,14362,182812453,668346000,450398046
2025-06,7,323,01153-01347-00323,Action for Social Development,70,,,,,,,,,,,,,,,
2025-06,8,130,02008-02954-00130,Association for Development Activity of Manifold Social Work (ADAMS Foundation),70,14,74,34,108,795,20918,,21713,722,17981,,18703,114786119,405468000,313252087
2025-06,9,406,01863-00447-00406,Adarsho Manob Kallyan Sangha,70,1,12,2,14,80,1768,,1848,51,1274,,1325,11884955,62311000,46325321
2025-06,10,96,01730-00149-00096,Ad-din Welfare Centre (Ad-din),70,216,525,1860,2385,396,433827,,434223,245,317829,,318074,3061840515,18105175500,10423453115
2025-06,11,79,00091-00396-00079,Association of Development for Economic & Social Help (ADESH),71,8,16,12,28,,5682,,5682,,4035,,4035,69739636,161825000,118018243
2025-06,12,73,01865-02314-00073,ADRSO Shomaj Kallyan Sangstha (ADRSO),71,1,18,2,20,1334,3703,,5037,828,2877,,3705,23547982,112857000,76463515
2025-06,13,753,05060-04245-00753,Advanced Society for Any Research & Active Life Oriented Work,71,2,14,1,15,1095,1338,,2433,830,931,,1761,24650833,178601000,121950802
2025-06,14,876,21112-00060-00876,Adventist Development and relief Agency ADRA Bangladesh,71,3,6,6,12,,1317,,1317,,1032,,1032,6945137,46685000,32082811
2025-06,15,837,21112-01214-00837,Agamir Shwapno (AS),71,1,0,1,1,,1215,,1215,,1187,,1187,505810,6540000,10196965
2025-06,16,672,00648-01479-00672,Agragati Seba Sangstha (A S S),71,21,67,41,108,672,9192,,9864,382,7059,,7441,204002042,359481000,246645060
2025-06,17,189,05774-00474-00189,Agragati,71,6,42,3,45,,5206,,5206,,4592,,4592,44496261,218067000,180842216
2025-06,18,708,02424-04685-00708,Agraha Unnayan Sangstha,71,7,30,2,32,3393,4793,,8186,2267,3568,,5835,69700738,154897500,110641366
2025-06,19,617,00586-00030-00617,Agrapathik Development Foundation,71,,,,,,,,,,,,,,,
2025-06,20,901,32021-02070-00901,Agri Development Foundation,72,2,7,0,7,1331,329,,1660,1090,128,,1218,3068172,,128558127
2025-06,21,727,07086-04175-00727,AGROGAMI UNNAYAN SANGASTHA(AGROGAMI),72,4,18,3,21,735,2663,,3398,495,2049,,2544,80084694,162313000,117145823
2025-06,22,276,01180-01615-00276,Ahead Social Organization (ASO),72,40,257,49,306,4865,39166,,44031,4053,32932,,36985,530853040,3554071800,1946278875
2025-06,23,32,01493-01429-00032,Action in Development (AID),72,2,18,8,26,,,,,,,,,,,
2025-06,24,401,03092-01106-00401,Akota Samaj Unnayan Kenddra (ASUK),72,1,8,2,10,181,659,,840,164,538,,702,3586525,12187000,11724611
2025-06,25,663,00597-00726-00663,Al Kariem Shikkha O Paribesh Unnayan Foundation,72,1,3,0,3,1122,,,1122,851,,,851,4896172,19229000,12633137
2025-06,26,571,00688-00122-00571,ALAP- Association for Landless and Poor,72,3,9,5,14,558,1224,,1782,440,895,,1335,17456225,79290000,51519107
2025-06,27,177,00339-03482-00177,Al-Falah Aam Unnayan Sangstha (AFAUS),72,20,173,53,226,227,34678,,34905,168,23072,,23240,404018864,1180091000,602053914
2025-06,28,845,21112-00075-00845,Allokito gram (aggra),72,2,6,3,9,,1297,,1297,,1000,,1000,60276,14034000,15861642
2025-06,29,539,05291-03805-00539,Alo Manabik Unnayan Kendra (ALO),73,1,3,0,3,468,1590,,2058,450,1575,,2025,3264600,7100000,12121344
2025-06,30,108,03260-01158-00108,Aloha Social Services Bangladesh (ASSB),73,16,102,48,150,3124,17057,25,20206,3005,13440,14,16445,146452625,910645000,536823188
2025-06,31,859,21112-00080-00859,ALOK BANGLA (An Initiative to Promote People’s Self-Help),73,2,8,4,12,31,1424,,1455,13,1007,,1020,8743913,47271000,32998161
2025-06,32,824,21112-00187-00824,Alor Disha Foundation,73,7,32,8,40,,9645,,9645,,6756,,6756,33015600,105185000,76778182
2025-06,33,789,21112-00792-00789,Alor Dishari Mohila Unnayan Sangstha,73,1,5,3,8,93,1207,,1300,47,984,,1031,5936350,31439000,21467617
2025-06,34,671,04781-01544-00671,Alor Nir Somity (A N S),73,4,18,2,20,468,2892,,3360,266,2030,,2296,74871423,179977000,120503654
2025-06,35,597,04066-00937-00597,Alor Pothe (AP),73,1,6,4,10,,1160,,1160,,1150,,1150,8192242,45930000,15166606
2025-06,36,303,00711-00027-00303,Alternative Development Initiative (ADI),73,47,273,43,316,1227,62040,,63267,864,46417,,47281,812387204,3451549000,2204734876
2025-06,37,86,00350-01308-00086,Ambala Foundation,73,241,1410,416,1826,4856,123536,,128392,2666,104031,,106697,6499049787,13833606000,10414826057
2025-06,38,344,00136-00610-00344,AMDA Health & Environment Development Society,74,1,15,6,21,179,2334,,2513,93,1219,,1312,25789621,,47474358
2025-06,39,856,21112-00044-00856,AMENA Foundation (A.F),74,,,,,,,,,,,,,,,
2025-06,40,778,21112-00215-00778,AMITY MANOB UNNAYAN SANGSTHA,74,1,5,0,5,119,1073,,1192,109,920,,1029,8054356,32487000,27247286
2025-06,41,661,01613-01081-00661,Amra Kaj Kory(AKK),74,15,100,10,110,747,14053,,14800,535,10631,,11166,173339604,1044822500,574549831
2025-06,42,725,04193-01952-00725,ANANDA SAMAJ UNNAYAN SHANGSTHA,74,5,14,5,19,1050,2860,,3910,690,2590,,3280,11901150,10883000,62997123
2025-06,43,232,02060-01912-00232,Anando,74,23,87,17,104,291,13371,,13662,164,9922,,10086,125203070,718351999,430967250
2025-06,44,637,00846-01064-00637,Ancholic Polli Unnayan Sangstha (APUS),74,2,10,2,12,11,1432,,1443,9,1085,,1094,6494802,37553000,28159383
2025-06,45,294,00701-00968-00294,Anirban Samaj Unnayan Sangstha,74,1,3,2,5,,1113,,1113,,767,,767,2766709,,5999421
2025-06,46,298,00353-02761-00298,Annaya Samaj Kallyan Sangstha (ASKS),74,27,88,49,137,1660,18962,,20622,899,11020,,11919,278650546,417139000,274983174
2025-06,47,321,00669-03433-00321,Ansar Ali Foundation for Integrated Development (AAFID),75,5,24,5,29,,4874,,4874,,3197,,3197,24436874,147143000,95266110
2025-06,48,501,00424-00341-00501,ANTAR Society for Development,75,30,92,17,109,548,14724,,15272,279,9120,,9399,228246981,363340000,260958368
2025-06,49,829,21112-00498-00829,Apon (Artho Samajik Unnyon Songstha),75,4,19,0,19,,3455,,3455,,2949,,2949,19681123,111605099,67496437
2025-06,50,405,02814-03211-00405,ARS-Bangladesh (ARS-BD),75,82,448,78,526,15381,27156,,42537,12165,22627,,34792,927835675,4764700000,2731554009
2025-06,51,466,00886-02685-00466,Artha-Samajik o Paribesh Unnayan Sangstha,75,2,5,3,8,609,1167,,1776,483,745,,1228,14423354,30716000,27808655
2025-06,52,411,02444-01871-00411,Artha-Samajik Unnayan Sangstha (ASUS),75,1,21,3,24,346,1006,,1352,297,756,,1053,3952070,70334000,22994900
2025-06,53,100,00470-00538-00100,ASA,75,3075,21874,3034,24908,701853,6286589,,6988442,595744,5395426,,5991170,97518419103,424505698000,273574897721
2025-06,54,200,00609-01019-00200,Ashrai,75,142,423,55,478,12151,41023,,53174,9966,25594,,35560,629010029,4484503700,2729852139
2025-06,55,199,00178-00261-00199,ASPADA Paribesh Unnayan Foundation,75,91,603,232,835,21598,110013,,131611,16487,80512,,96999,1627705493,,3757360269
2025-06,56,127,01173-01986-00127,Assistance for Social Organization and Development -ASOD,76,9,15,0,15,,32670,,32670,,32019,,32019,4943692,25606000,114911216
2025-06,57,576,00752-00253-00576,Assistance for the Livelihood of the Origins (ALO),76,,,,,,,,,,,,,,,
2025-06,58,102,01672-00390-00102,Association for Advancement & Development,76,22,94,24,118,1730,23057,,24787,1426,20707,,22133,179783221,709493000,624221141
2025-06,59,146,00429-00140-00146,Association for Integrated Development-Comilla (AID-Comilla),76,10,56,24,80,,9204,,9204,,6844,,6844,138086808,525473000,306463904
2025-06,60,812,21112-00537-00812,Association for Peoples Development Stream (APDS),76,14,57,5,62,786,7428,,8214,574,5750,,6324,45610052,296868500,178662259
2025-06,61,66,01482-00179-00066,Association For Realisation of Basic Needs-ARBAN,76,18,47,34,81,2645,7939,,10384,1964,5529,,7493,133138270,426442500,217863898
2025-06,62,56,00307-02179-00056,Association for Renovation of Community Health Education Services (ARCHES),76,9,30,9,39,1545,5595,,7140,775,2627,,3402,87266662,282290000,143601533
2025-06,63,42,02015-00479-00042,Association for Rural Advancement in Bangladesh (ARAB),76,19,92,4,96,,22229,11,22240,,15848,5,15848,104057757,677281000,485645092
2025-06,64,593,01234-03143-00593,Association for Social Development (A.S.D),76,2,5,3,8,138,1272,,1410,105,960,,1065,11038080,32635000,31773119
2025-06,65,447,02471-01868-00447,Association for Social Development,77,1,3,0,3,418,812,,1230,338,752,,1090,6685235,12976020,12738283
2025-06,66,164,00104-03016-00164,Association for Socio-Economic Advancement of Bangladesh (ASEAB),77,7,49,7,56,60,9386,1,9447,47,6689,,6736,93482159,397325000,216166316
2025-06,67,58,00527-00392-00058,Association for Under-Privileged People-AUP,77,21,145,11,156,1088,17626,,18714,625,12964,,13589,499289637,1631654000,1047342909
2025-06,68,436,01457-00321-00436,Association for Women Empowerment and Child Right’s (AWAC),77,3,16,5,21,,3039,,3039,,2422,,2422,29605535,91623000,54682367
2025-06,69,647,02746-00258-00647,Association of Voluntary Actions for Society (AVAS),77,1,0,1,1,17,487,,504,,,,,,110000,4512681
2025-06,70,754,03416-01262-00754,Association of Workers for Alternative Rural Development (AWARD),77,1,4,1,5,48,1056,,1104,43,911,,954,10724247,33372000,22410127
2025-06,71,34,00969-00226-00034,ATMABISWAS,77,43,305,63,368,1096,59026,,60122,802,48437,,49239,583092128,3547499000,2320380798
2025-06,72,134,00245-02077-00134,Aungkur Palli Unnayan Kendra,77,14,91,28,119,103,19009,,19112,59,13716,,13775,188204910,925526000,546335683
2025-06,73,326,00244-00343-00326,Jugabani Samaj Kallayan Sangstha (JSKS),78,21,89,20,109,5749,16758,,22507,4420,11946,,16366,347244860,587195259,427912679
2025-06,74,325,02676-02019-00325,Aushgara Unnayan Sangstha,78,2,25,1,26,118,4821,,4939,115,3349,,3464,51764380,148321000,91782751
2025-06,75,470,05305-00792-00470,AVA Development Society,78,22,132,20,152,1226,18550,,19776,878,13012,,13890,186704228,1237421000,768385906
2025-06,76,673,04782-01547-00673,BADHAN GRAM UNNAYAN FOUNDATION,78,1,5,2,7,817,979,,1796,306,556,,862,3571973,39106100,16030898
2025-06,77,481,01268-01551-00481,Bahumukhi Desh Unnayan Sangsad,78,1,12,4,16,695,1959,,2654,375,891,,1266,29861390,135562000,113311368
2025-06,78,12,00198-00021-00012,Bajitpur Rural Advancement Society (BRAS),78,8,36,10,46,29,6053,,6082,12,4242,,4254,35260603,133362000,80179292
2025-06,79,682,00983-00016-00682,Bakergonj Forum,78,2,6,1,7,337,372,,709,232,191,,423,5397083,11629000,8060132
2025-06,80,395,00331-01733-00395,Banaful Social Welfare Organization (BSWO),78,1,7,34,41,2701,6948,,9649,1886,4642,,6528,209510529,360192000,279134537
2025-06,81,892,32021-00245-00892,Bachar Thikana Unnoyon Songstha,78,2,8,2,10,163,915,,1078,145,874,,1019,3092444,14671000,11401598
2025-06,82,879,21112-00285-00879,Banchte Chai Samaj Unnayan Songstha (BSDO),79,3,6,5,11,833,982,,1815,671,813,,1484,6822366,61693000,33318429
2025-06,83,328,03446-01309-00328,Banchte Shekha (BS),79,31,112,57,169,2983,21228,,24211,2186,15234,,17420,276796132,796702000,757415850
2025-06,84,410,02535-00745-00410,Bandhan Sangstha,79,12,43,13,56,,8685,,8685,,6282,,6282,27202878,288391000,149135247
2025-06,85,305,01490-00330-00305,Bandhu Kallyan Foundation,79,41,281,5,286,4925,31073,,35998,3833,25301,,29134,537091649,2562299000,1832449780
2025-06,86,445,02839-00454-00445,Bangio Gonounnayan samity (BGS),79,1,4,2,6,541,627,,1168,481,592,,1073,5701202,20888000,16850723
2025-06,87,685,01740-01729-00685,Bangladesh Agricultural Working Peoples Association (BAWPA),79,6,23,6,29,787,5979,,6766,507,4235,,4742,32779260,97889000,83013705
2025-06,88,560,00291-02364-00560,Bangladesh Association for Community Education (BACE),79,15,80,24,104,2447,12018,,14465,1938,9103,,11041,186344418,632407000,401899791
2025-06,89,431,05518-04426-00431,Bangladesh Association for Sustainable Development (BASD),79,12,32,17,49,212,5477,,5689,161,4061,,4222,28490220,117191000,76440323
2025-06,90,355,03160-02702-00355,Bangladesh Development Society (BDS),79,28,156,39,195,2634,30843,,33477,2022,24288,,26310,279793683,1506052000,914737583
2025-06,91,263,00572-02517-00263,Bangladesh Extension Education Services (BEES),80,337,2931,682,3613,181330,423104,,604434,146247,341241,,487488,12393575777,49537158408,31734647069
2025-06,92,866,00171-00155-00866,Bangladesh Fellowship Foundation,80,41,260,67,327,1238,37417,,38655,784,27285,,28069,564071790,1454891000,1073606274
2025-06,93,458,03072-01354-00458,Bangladesh Grameen Seba Sangstha,80,3,9,7,16,26,2885,,2911,21,2032,,2053,16851375,80943000,53636425
2025-06,94,739,01191-02411-00739,BANGLADESH HEALTH AND EDUCATION DEVELOPMENT SOCIETY,80,3,7,9,16,422,1704,,2126,308,1189,,1497,24938070,68716000,43992907
2025-06,95,340,02908-03316-00340,Bangladesh Ignite Youth Society (BIYS),80,39,254,1,255,20412,16389,,36801,15063,11026,,26089,407675437,1537293124,906738610
2025-06,96,84,00015-00125-00084,Bangladesh Institute of Research & Development (BIRD),80,8,38,0,38,133,5819,11,5963,100,3834,3,3934,65591045,191124000,142718614
2025-06,97,486,00719-00077-00486,Bangladesh JanaKallyan Songstha,80,2,3,0,3,40,850,,890,35,810,,845,771618,245000,7113693
2025-06,98,562,01650-02256-00562,Bangladesh Palli Unnayon Foundation (B. P. D. F),80,1,6,0,6,338,709,,1047,281,690,,971,2452853,5510000,8343060
2025-06,99,234,02798-00553-00234,Bangla-German Sampreeti (BGS),80,23,133,12,145,882,28500,,29382,588,20839,,21427,326738944,1228904000,667971653
2025-06,100,354,04153-01588-00354,Banglar Mela Sangstha (BMS),81,6,24,1,25,423,3923,,4346,229,2811,,3040,17803547,120341600,106090066
2025-06,101,488,06030-04662-00488,Bani (Samaj Unnayanmulok Protisthan),81,3,18,0,18,225,2390,,2615,225,1167,,1392,1023651,58198000,28882375
2025-06,102,543,01491-00102-00543,Benupur Nayapara Janoseba Sangstha (BNJS),81,1,4,1,5,229,1353,,1582,223,1045,,1268,13910158,31674208,21629155
2025-06,103,832,21112-00670-00832,BARAL foundation for environment & sustainable development,81,1,3,1,4,554,594,,1148,497,521,,1018,2570484,13215000,6781401
2025-06,104,899,32021-00045-00899,Boral Samaj Kallayan Sangstha (BSKS),81,1,14,4,18,234,945,,1179,234,945,,1179,3380471,,16768032
2025-06,105,861,21112-00161-00861,Barendra Development Organization (BDO),81,3,3,5,8,190,1659,,1849,120,1008,,1128,6349963,31320950,18010544
2025-06,106,796,21112-00573-00796,Barendra Economic Development Organization (BEDO),81,11,45,3,48,4554,5227,,9781,3695,3992,,7687,74772767,225575000,143303449
2025-06,107,40,01570-00073-00040,Barendrabhumi Samaj Unnyan Sangstha (BSDO),81,5,39,7,46,777,7107,,7884,555,5451,,6006,43580035,296444000,180935238
2025-06,108,99,04792-01651-00099,BARSA,81,,,,,,,,,,,,,,,
2025-06,109,46,00377-00115-00046,BASA Foundation,82,80,423,94,517,,,,,,,,,,4421172300,
2025-06,110,483,00131-02952-00483,Basoti Shomaj O Poribesh Unnayon Foundation (Basoti),82,9,35,3,38,463,5812,,6275,298,4095,,4393,77649105,261114500,177663252
2025-06,111,330,00829-02739-00330,BASCO Foundation,82,3,10,2,12,116,2275,,2391,116,1569,,1685,11333877,43260000,42824751
2025-06,112,888,32021-00521-00888,BASONA JANAKALYAN SANGSTHA (BJS),82,4,13,5,18,358,1319,,1677,262,891,,1153,8157862,73506000,44307849
2025-06,113,781,21112-00018-00781,Basic Aid for Local Action King Association (BALAKA),82,3,20,7,27,266,3606,,3872,184,2726,,2910,65512013,254845000,175515033
2025-06,114,80,01132-00227-00080,Basic Organization Network for Development and Humanitarian Aid for Nation (BONDHAN),82,14,148,8,156,2965,10611,,13576,2167,8712,,10879,232306634,767118000,646663960
2025-06,115,346,01029-00170-00346,Bastob- Initiative for Peoples Self Development,82,80,435,53,488,893,63759,,64652,399,48145,,48544,1998400841,5485415000,3828970338
2025-06,116,850,21112-00836-00850,Basundhara Foundation,82,1,9,0,9,,2546,,2546,,2546,,2546,,22460000,25461400
2025-06,117,599,00034-00011-00599,Basundhara Kallyan Foundation (BKF),82,2,4,10,14,409,1270,,1679,219,868,,1087,1748429,,12774094
2025-06,118,16,00558-00067-00016,BEDO,83,30,192,25,217,300,35322,,35622,147,24913,,25060,376882571,2283481000,1357208573
2025-06,119,644,01612-01383-00644,Benefi ciary’s Friendship Forum (B.F.F),83,1,14,8,22,,1746,,1746,,1237,,1237,18751241,76068000,41257362
2025-06,120,528,05346-03315-00528,Bhagya Unnayan Shangstha,83,5,23,7,30,744,5261,,6005,477,3863,,4340,37150715,169145000,108409737
2025-06,121,869,21112-00172-00869,Bhorer Alo Sheba Sangstha,83,,,,,,,,,,,,,,,
2025-06,122,479,03223-02173-00479,Bhumija Foundation,83,1,8,2,10,282,816,,1098,188,557,,745,5521396,139570000,13936532
2025-06,123,391,03387-03837-00391,BILAS (Bikalpa Life Advancement Society),83,,,,,,,,,,,,,,,
2025-06,124,70,00454-00263-00070,BIVA,83,4,19,1,20,327,2880,,3207,223,2153,,2376,21589925,59865500,48277903
2025-06,125,296,01626-00704-00296,Blind Education and Rehabilitation Development Organization (BERDO),83,3,13,6,19,42,3319,,3361,17,2294,,2311,28339829,109387000,75171174
2025-06,126,379,00044-00204-00379,BNPS Microfi nance Trust,83,20,98,69,167,,35416,,35416,,26927,,26927,386381065,1225599000,763244954
2025-06,127,704,01778-01571-00704,"Bongram Samajik Unnayn Sangstha (B,S,U,S)",84,1,1,2,3,45,956,,1001,45,956,,1001,1277070,2725000,2499215
2025-06,128,65,00488-00186-00065,BRAC,84,3061,28171,16629,44800,1090392,9191615,149,10282156,796804,6673893,121,7470818,268675805182,722904037042,429925545010
2025-06,129,732,01877-00531-00732,BRES,84,,,,,,,,,,,,,,,
2025-06,130,19,00280-00080-00019,Bridge M.F.I,84,13,6,7,13,573,8306,,8879,557,7970,,8527,7662715,7468000,83200863
2025-06,131,875,21112-00269-00875,Brotee Samaj Kallyan Sangstha,84,1,4,4,8,,1627,,1627,,1236,,1236,10264640,2319157000,26233517
2025-06,132,288,00004-00394-00288,BURO Bangladesh,84,1480,9822,1238,11060,309966,2599951,,2909917,217293,1811423,,2028716,49375358648,164484373677,114616723235
2025-06,133,184,00032-00286-00184,CARITAS Bangladesh,84,187,917,300,1217,37596,253135,1,290732,26392,178344,,204736,2315683395,8430094000,5421155146
2025-06,134,10,01834-00654-00010,CARSA Foundation,84,35,113,61,174,1365,27583,,28948,807,20317,,21124,509371211,1554909000,1094560129
2025-06,135,610,01912-00886-00610,CDO (Community Development Organization),85,1,2,2,4,264,997,,1261,260,751,,1011,1396171,,11005315
2025-06,136,361,00929-04366-00361,CEDAR (Concern for Environmental Development and Research),85,11,64,15,79,319,9176,,9495,234,6537,,6771,58891786,351140000,210891015
2025-06,137,583,02593-01229-00583,Center for Rural Service Society (C.R.S.S),85,5,31,8,39,398,5817,,6215,316,4130,,4446,23862133,142998000,107328552
2025-06,138,170,02047-00565-00170,Centre for Action Research-Barind (CARB),85,30,136,17,153,5554,10103,,15657,4215,7619,,11834,124032761,790731000,437155925
2025-06,139,221,00826-00499-00221,Centre for Advanced Research and Social Action,85,20,126,3,129,1123,22249,,23372,825,16493,,17318,387411016,1922286000,1310039143
2025-06,140,245,01032-01788-00245,Centre for Community Development Assistance (CCDA),85,102,662,169,831,1350,169379,,170729,776,114158,,114934,2844785973,11626155000,6861511359
2025-06,141,97,00341-00727-00097,Centre for Development Innovation and Practices,85,226,2052,281,2333,1888,319132,,321020,1120,262314,,263434,7132413575,26597301000,17137754008
2025-06,142,322,02522-03607-00322,Centre for Development Services (CDS),85,1,5,1,6,53,1093,,1146,47,1063,,1110,4530649,19165000,13941906
2025-06,143,624,03812-00620-00624,Centre for Integrated Programme & Development (CIPD),86,5,22,8,30,136,3320,,3456,62,1813,,1875,29280941,91505000,72509551
2025-06,144,365,01425-00165-00365,Centre for Mass Education in science,86,15,30,17,47,691,6192,,6883,575,4862,,5437,26872806,182667000,108469574
2025-06,145,112,00990-01573-00112,Centre for Natural Resource Studies,86,19,107,21,128,,22611,,22611,,16975,,16975,158276145,648930000,383691272
2025-06,146,358,01079-03171-00358,Centre for Rehabilitation Education Earning Development (CREED),86,26,109,43,152,1630,18525,,20155,835,11868,,12703,441304204,689082000,539430680
2025-06,147,723,05555-01006-00723,Chaltya Shekha,86,2,9,1,10,416,1228,,1644,210,803,,1013,12960677,29903000,29095604
2025-06,148,788,21112-00109-00788,Chandpur Socio-Economic Development Organization,86,1,7,0,7,83,1155,,1238,76,948,,1024,8682289,27648000,20520988
2025-06,149,13,01342-00771-00013,Charcha,86,9,38,13,51,1532,4691,,6223,875,2885,,3760,51183589,187797000,134628263
2025-06,150,780,21112-00433-00780,Chetona Manobik Unnayan Sangstha,86,5,22,1,23,858,1576,,2434,543,1217,,1760,14241759,99678500,72694443
2025-06,151,662,05619-01326-00662,Chatihati Nabo Uddipon Songgo,86,3,20,1,21,175,2505,,2680,110,1515,,1625,15326047,77640000,59501836
2025-06,152,98,00074-00002-00098,CHIRONTONI,87,20,95,46,141,482,18696,,19178,124,13307,,13431,157009316,529538400,306075910
2025-06,153,295,02636-03667-00295,Christian Commission for Development in Bangladesh,87,27,154,38,192,2776,11313,,14089,2184,8901,,11085,469667923,1657222000,1035042958
2025-06,154,129,02578-01977-00129,Christian Service Society,87,222,1505,362,1867,8751,333370,,342121,6408,277063,,283471,3260107405,15222537696,9034828067
2025-06,155,506,00996-00096-00506,CLOG (Children Life Organization of Genus),87,1,14,4,18,80,1503,,1583,65,1192,,1257,10971522,71978000,40376542
2025-06,156,68,00956-04041-00068,COAST Foundation,87,130,686,218,904,6835,168881,,175716,5051,135912,,140963,2767056717,9717269000,6159248086
2025-06,157,217,00512-00608-00217,Come to Work-CTW,87,13,84,10,94,11,18495,,18506,8,15846,,15854,136906344,804624000,491526110
2025-06,158,214,02257-03643-00214,Community Development And Health Care Centre (CDHC),87,10,52,14,66,1697,8862,,10559,1085,6473,,7558,130113714,646228000,383643684
2025-06,159,103,01781-00048-00103,Community Development Centre (CODEC),87,137,960,184,1144,12548,200194,,212742,9351,157800,,167151,3101991029,12678602000,7583333306
2025-06,160,806,21112-00153-00806,Community Development Society (CDS),87,1,16,2,18,125,859,,984,91,599,,690,4390190,33524000,21694200
2025-06,161,55,01140-00202-00055,Community Health Care Project (CHCP),88,16,20,3,23,,3886,,3886,,1868,,1868,12624485,1657000,21455498
2025-06,162,871,21112-00893-00871,COUNTRY AND HUMAN DEVELOPMENT SOCIETY (CHDS),88,10,14,26,40,7,7043,,7050,5,5009,,5014,60026279,92121000,82282172
2025-06,163,555,01509-00458-00555,Crescent,88,5,18,8,26,606,4616,,5222,365,3420,,3785,33051141,89090000,82210053
2025-06,164,862,21112-00195-00862,DABI (Daridra Bimochon),88,7,15,0,15,11,2750,,2761,9,2093,,2102,12782276,44575408,28500315
2025-06,165,21,00947-00710-00021,Dabi Moulik Unnayan Sangstha,88,42,314,23,337,2666,47376,,50042,1693,39954,,41647,800067502,3621589000,2160259208
2025-06,166,237,01121-00835-00237,Dak Diye Jai,88,43,224,55,279,3967,40396,,44435,2969,30842,,33811,596242803,2786949000,1727004357
2025-06,167,747,00109-02243-00747,DAM FOUNDATION FOR ECONOMIC DEVELOPMENT,88,177,1108,225,1333,16061,297641,,313702,10970,227088,,238058,2796788230,11598080000,7634595257
2025-06,168,266,00791-01632-00266,Daridra Bimochon Shangstha (DBS),88,36,285,22,307,11,56568,,56579,8,45237,,45245,417327187,2717068000,1518424651
2025-06,169,729,03933-03378-00729,Daridro & Paribash Unnaon Society,88,1,6,6,12,,1880,,1880,,1350,,1350,12068277,17124000,23525108
2025-06,170,810,21112-00368-00810,DESH DEVELOPMENT CENTER (DDC),89,1,5,6,11,,1489,,1489,,1047,,1047,8233793,30252000,17539900
2025-06,171,804,21112-00163-00804,DESH FOUNDATION,89,3,5,5,10,,1739,,1739,,1173,,1173,3638466,29164000,20978265
2025-06,172,141,00590-00236-00141,Desha Shechchashebi Artho-Samajik Unnayan O Manobik Kallyan Sangstha,89,85,500,168,668,6009,132555,,138564,4614,106879,,111493,1873504389,10021250000,6606001190
2025-06,173,775,21112-00296-00775,Deshari Unnayan Sangstha,89,2,3,0,3,237,1083,,1320,162,843,,1005,7430587,40213000,28970399
2025-06,174,250,00369-00813-00250,Development for Society,89,6,20,12,32,99,2170,,2269,66,1555,,1621,69928963,138570000,102428234
2025-06,175,724,03016-00167-00724,Development Activities of Society-DAS,89,5,36,12,48,428,3322,,3750,394,2816,,3210,49688208,228045700,142328952
2025-06,176,864,21112-00763-00864,DEVELOPMENT FOR POOR PEOPLE’S (D.P.P),89,1,2,,2,483,784,,1267,443,612,,1055,531200,3450000,5576000
2025-06,177,24,01306-00480-00024,Development Initiative for Social Advancement (DISA),89,104,582,113,695,6910,110866,,117776,4231,79883,,84114,1932320363,5715102000,3911569523
2025-06,178,791,21112-01034-00791,Development Initiative for Human Advancement (DIHA),89,8,33,3,36,201,5114,,5315,116,3616,,3732,44553305,184627000,105170384
2025-06,179,813,21112-00465-00813,DEVELOPMENT INSTITUTE FOR SOCIAL AND HUMAN AFFAIRS (DISHA),90,1,5,4,9,1349,20296,,21645,89,15507,0,15596,37648671,113643000,86583341
2025-06,180,241,02026-02628-00241,Development of Integrated for Social Association - DISA,90,3,17,7,24,490,1535,,2025,385,1085,,1470,4981932,26014000,13841422
2025-06,181,185,01795-01411-00185,Development Organisation of the Rural Poor (DORP),90,17,65,12,77,717,8943,,9660,569,6949,,7518,72343348,469153000,297180088
2025-06,182,491,06028-02305-00491,Development Organization of Rural Peoples (DOORP),90,3,14,4,18,121,1769,,1890,101,1594,,1695,44646462,66188000,65235564
2025-06,183,787,21112-00190-00787,DHAKA PALLI SHEBA SANGSTHA,90,3,4,5,9,244,1191,,1435,199,806,,1005,6065578,21466000,20832351
2025-06,184,655,03909-02115-00655,Dharani Samaj Kallayan Sangstha,90,1,6,2,8,83,1490,,1573,78,1325,,1403,13792251,45462000,36494230
2025-06,185,816,21112-00512-00816,"DHAU HEALTH, EDUCATION & ENVIRONMENT DEVELOPMENT SOCIETY",90,1,6,3,9,673,719,,1392,502,523,,1025,4299367,,6060935
2025-06,186,770,21112-00126-00770,Diganta Foundation,90,3,10,3,13,17,2067,,2084,10,1515,,1525,5085229,20623000,23722916
2025-06,187,251,00656-01009-00251,Diganta,90,3,8,7,15,880,1745,,2625,710,980,,1690,16855745,41805000,28138905
2025-06,188,868,21112-00200-00868,Dinajpur Polli Unnayan Prochesta (D.P.U.P),90,2,16,7,23,380,2667,,3047,370,2581,,2951,19371267,86296000,63170522
2025-06,189,350,01598-02716-00350,Dip Shetu,91,4,10,4,14,1135,750,,1885,1059,734,,1793,5084801,39081000,36221072
2025-06,190,848,21112-00302-00848,Dipika Samaj Kalyan Sangstha,91,2,15,0,15,45,2256,,2301,36,1797,,1833,10138898,37126000,30379302
2025-06,191,349,00681-04542-00349,"DIPSHIKHA Non-Formal Education, Training and Research Society for Village Development",91,9,62,6,68,7534,2481,,10015,6004,2108,,8112,98356090,693752000,371086008
2025-06,192,631,01537-03317-00631,Dipti Foundation,91,2,4,2,6,71,1680,,1751,30,1018,,1048,3619942,23053000,12537055
2025-06,193,821,21112-00378-00821,DIPTI SHOMAJ UNNOYAN SANGSTHA,91,3,7,5,12,37,1466,,1503,37,1319,,1356,11673104,55281000,40591869
2025-06,194,694,00732-03883-00694,Disa Bangladesh,91,15,49,24,73,5938,17558,,23496,3195,13196,,16391,179579902,260021000,242220196
2025-06,195,679,01467-01624-00679,Disa Integrated Social Advancement Foundation,91,1,2,3,5,167,804,,971,99,773,,872,3348336,6274000,7321564
2025-06,196,882,21112-00040-00882,Disable Development & Educational Foundation (DDEF),91,2,8,1,9,546,669,,1215,431,571,,1002,1907731,11739000,14129260
2025-06,197,630,01794-01127-00630,Disabled Rehabilitation and Research Association (DRRA),91,7,26,12,38,535,7420,,7955,373,5374,,5747,73457873,153389000,109425752
2025-06,198,220,01284-00322-00220,Doel (Development Organisation for Equity & Love),92,3,16,4,20,,3673,,3673,,2649,,2649,23039063,66339000,52445048
2025-06,199,828,21112-00561-00828,DREAM HEAVEN ASSOCIATION (DHA),92,1,4,3,7,1329,131,,1460,46,579,,625,2875637,11482200,11664441
2025-06,200,27,02854-01466-00027,DRISHTIDAN,92,3,18,3,21,99,3820,,3919,70,3174,,3244,17355580,121848000,78127051
2025-06,201,252,01752-00192-00252,Dudumari Gram Unnayan Sangstha (DGUS),92,1,1,0,1,1131,6658,,7789,1131,6658,0,7789,896492,2950000,32514568
2025-06,202,369,02100-01985-00369,Dushtha Shasthya Kendra (DSK),92,284,1287,790,2077,961,437571,,438532,586,337751,,338337,6065847390,47531895273,13661670275
2025-06,203,847,21112-00909-00847,Dustha Manab Unnayan Society (DMUS),92,3,14,4,18,21,1516,,1537,13,1229,,1242,14078461,76166000,45755219
2025-06,204,756,03229-01099-00756,Dustha Manobatar Seba Sangstha (DMSS),92,4,25,8,33,24,4080,,4104,24,3017,,3041,19540968,82618000,61451170
2025-06,205,519,05168-04859-00519,Dustho Kallayn Sangstha (DUKS),92,4,12,3,15,161,1441,,1602,81,1233,,1314,4427154,,9552550
2025-06,206,798,21112-00041-00798,DUSTHO MOHILA SANGSTHA,92,2,16,0,16,,1456,,1456,,1424,,1424,7264120,75806000,39498150
2025-06,207,33,00654-00234-00033,Dwip Unnayan Sangstha,92,35,219,30,249,5951,29863,,35814,4644,23332,,27976,398350604,2096297000,1450553139
2025-06,208,181,00657-02312-00181,Environment & Agricultural Development Association (EADA),93,10,57,15,72,1481,10381,,11862,936,6226,,7162,60457673,269655000,154304739
2025-06,209,203,01059-03355-00203,Eco-Social Development Organization (ESDO),93,156,1039,293,1332,11273,215610,,226883,8141,156222,,164363,5333283606,18596494000,12619037230
2025-06,210,31,01109-00117-00031,ENDEAVOUR(Ensure Development Activities for Vulnerable Under Privileged Rural People),93,18,83,30,113,3177,17480,,20657,2196,12103,,14299,241813152,928742000,582773417
2025-06,211,375,00914-04151-00375,Environmental And Socio Economic Network (ESEN),93,1,3,5,8,496,1454,,1950,363,1158,,1521,16458310,20598500,24329526
2025-06,212,670,02401-04787-00670,Esamoti Human Development Foundation,93,2,3,0,3,478,703,,1181,295,385,,680,1759714,1942000,4244734
2025-06,213,173,00273-03453-00173,Eskander Welfare Foundation (EWF),93,10,22,7,29,,4657,,4657,,3004,,3004,22912259,117908000,81138211
2025-06,214,467,03032-02138-00467,Aso Gori Unnayan Sangstha (AGUS),93,26,107,34,141,1041,24471,,25512,606,17706,,18312,588715531,1180017000,785517335
2025-06,215,841,21112-00056-00841,EURO BANGLA FOUNDATION (EBF),93,1,4,4,8,24,739,,763,20,487,,507,1324000,11546000,6388050
2025-06,216,274,04594-01141-00274,Family Development Service & Research,93,1,5,1,6,37,948,,985,12,465,,477,4566187,25298000,16681881
2025-06,217,438,03423-02757-00438,Faridpur Development Agency (FDA),93,18,188,55,243,77,50430,,50507,57,35347,,35404,633331895,2726027000,1441892744
2025-06,218,209,00728-00812-00209,Focus Society,94,20,116,12,128,310,21440,,21750,201,18544,,18745,191693672,1230989000,696558075
2025-06,219,423,01688-00841-00423,Friends in Village Development Bangladesh,94,38,263,55,318,826,65076,,65902,769,60723,,61492,766576705,2767939500,2090355156
2025-06,220,769,21112-00281-00769,Gaffargaon Foundation,94,,,,,,,,,,,,,,,
2025-06,221,860,21112-00129-00860,Gaibandha Rural Development Foundation (GRDF),94,3,7,2,9,121,1327,,1448,86,1043,,1129,4233560,11455850,9132101
2025-06,222,91,03730-01746-00091,Gana Unnayan Kendra (GUK),94,70,278,77,355,4096,37894,,41990,3227,30708,,33935,777663283,2457070730,1606063880
2025-06,223,195,03606-00904-00195,Gandhi Ashram Trust,94,9,35,18,53,245,6448,,6693,157,3581,,3738,94125099,253265000,153317725
2025-06,224,208,00254-03690-00208,Gano Milan Foundation,94,4,9,3,12,443,804,,1247,366,518,,884,12959351,100530000,35453276
2025-06,225,522,01665-00147-00522,Gazipur Unnayan Sangstha (GUS),94,1,5,1,6,201,1201,,1402,152,826,,978,11140872,35048000,40217785
2025-06,226,745,03693-03523-00745,Gender and Environment Management Society (GEMS),94,3,10,7,17,,1996,,1996,,1430,,1430,19153038,80109000,54635028
2025-06,227,629,00141-00010-00629,Gender Relation Advancement & Marginalized Development Society,94,1,15,6,21,94,1100,,1194,60,786,,846,6747138,59583300,19284552
2025-06,228,160,00399-01209-00160,Ghashful,95,60,289,111,400,6263,65988,,72251,5019,50874,,55893,943297953,4049210000,2454692222
2025-06,229,446,02041-01180-00446,GLDP (Grass-root Level Development Programme),95,19,193,40,233,12300,47151,,59451,6750,17575,,24325,203337009,,488951303
2025-06,230,147,00219-01524-00147,Gono Kallyan Trust,95,50,292,216,508,5702,67626,,73328,4283,48694,,52977,1166051306,4845741000,3249154161
2025-06,231,403,00768-00647-00403,Gono Unnayan Prochesta,95,54,353,57,410,945,66307,,67252,409,47414,,47823,1176559004,5507807000,3350008890
2025-06,232,569,04329-01672-00569,Gono Unnayan Sangstha,95,1,3,0,3,589,970,,1559,606,757,,1363,6824721,41562600,39030358
2025-06,233,650,04833-04519-00650,Gonoshasthaya Kendra (GK),95,11,6,11,17,187,4106,,4293,35,3212,,3247,20301147,69344000,48583262
2025-06,234,783,21112-00083-00783,GRAM BANGLA UNNAYAN SANGSTHA (GBUS),95,1,12,2,14,40,594,,634,33,486,,519,2627568,24253000,13875791
2025-06,235,183,01271-01016-00183,Gram Bikash Kendra,95,76,511,73,584,2374,125994,,128368,1706,91065,,92771,1248960664,6642343000,3695367048
2025-06,236,499,01758-02082-00499,Gram Bikash Sangstha (GBS),95,5,24,7,31,474,3415,,3889,354,2538,,2892,24052966,123157000,83413835
2025-06,237,180,02858-00277-00180,Gram Unnayan Karjakram (GRAUK),96,15,169,5,174,374,52489,,52863,252,37125,,37377,359219685,947440000,512314352
2025-06,238,273,02761-03196-00273,Gram Unnayan Karma (GUK),96,365,2642,451,3093,103336,459812,,563148,72335,338298,,410633,6533930828,29333617000,18068091878
2025-06,239,872,21112-00701-00872,GRAMEEN ALO (GA),96,1,7,6,13,,1231,,1231,,1009,,1009,4384230,32568000,21505302
2025-06,240,527,05796-01918-00527,Grameen Alo Songstha (GAS),96,1,9,5,14,335,2390,,2725,233,1709,,1942,16522137,64003000,32238867
2025-06,241,511,00455-00189-00511,Grameen Alo,96,6,16,10,26,724,4852,,5576,219,3746,,3965,14486607,62821000,41273222
2025-06,242,495,00440-00065-00495,Grameen Economic And Social Advancement (GESA),96,3,10,8,18,140,1930,,2070,105,1650,,1755,11619456,12301000,32858818
2025-06,243,275,00552-01111-00275,Grameen Jano Unnayan Sangstha (GJUS),96,72,643,128,771,16097,91160,,107257,13406,72658,,86064,1248387359,6604690000,4022190230
2025-06,244,596,03904-00198-00596,Grameen Jono Unnayan Sangstha,96,2,10,3,13,98,2021,,2119,61,1424,,1485,31017048,87218000,46004583
2025-06,245,902,32021-01679-00902,Grameen Jonoseba Society (GJS),96,2,14,5,19,9,2242,,2251,6,2085,,2091,3852071,,51301846
2025-06,246,840,21112-01197-00840,GRAMEEN JUBA SAMAJ KALLYAN SANGSTHA,96,1,7,0,7,,1179,,1179,,1125,,1125,3910863,25493000,11414651
2025-06,247,454,00706-00960-00454,Grameen Krishi Foundation,97,,,,,,,,,,,,,,,
2025-06,248,510,02414-00814-00510,Grameen Krishok Sohayak Sangstha (GKSS),97,2,9,3,12,,1253,,1253,,1144,,1144,5387213,55206000,21972548
2025-06,249,201,02830-03273-00201,Grameen Manobic Unnayan Sangstha (GRAMAUS),97,23,156,19,175,7208,26977,,34185,5339,20741,,26080,437002659,1435197000,959094286
2025-06,250,448,00167-00284-00448,Grameen Motsho O Pashusampad Foundation (GMPF),97,21,80,1,81,551,11784,,12335,428,9995,,10423,54024699,352321694,275380011
2025-06,251,887,32021-00249-00887,Grameen Prochesta Songstha (GPS),97,4,12,1,13,60,1054,,1114,52,937,,989,3671481,22022000,15220732
2025-06,252,161,00336-00260-00161,Grameen Progress,97,40,201,14,215,779,40508,,41287,425,33184,,33609,432107405,1833761000,1052454378
2025-06,253,452,02802-01664-00452,Grameen Samaj Unnayan Sangstha,97,15,33,36,69,175,10535,,10710,72,4406,,4478,48655340,124040000,89036356
2025-06,254,776,21112-00249-00776,Grameen Samajik Unnayan Foundation (RSDF),97,2,10,2,12,231,1123,,1354,197,919,,1116,6737105,49928000,40701491
2025-06,255,83,00343-03944-00083,Grameen Seba Sangstha,97,3,3,2,5,59,1369,,1428,29,1241,,1270,222524,3845000,21676474
2025-06,256,179,01434-04476-00179,Grameen Unnayan Prakalpa (GUP),98,,,,,,,,,,,,,,,
2025-06,257,697,00989-02646-00697,Graush,98,12,21,24,45,,4742,,4742,,3257,,3257,8492225,21559000,25531138
2025-06,258,62,01680-00763-00062,Habiganj Unnayan Sangstha (HUS),98,18,145,14,159,1771,18874,,20645,1497,15552,,17049,428908867,2080272000,1193898535
2025-06,259,191,00538-00101-00191,Habitat & Economy Lifting Programme (HELP),98,6,9,1,10,,,,,,,,,,1810000,
2025-06,260,766,01828-01155-00766,HAM TRUST,98,,,,,,,,,,,,,,,
2025-06,261,172,06408-05124-00172,Hanum Health Development Foundation,98,,,,,,,,,,,,,,,
2025-06,262,380,01662-00774-00380,"Health, Education & Economic Development Organization (HEEDO)",98,2,5,1,6,,1110,,1110,0,1081,0,1081,2497379,13793000,12531898
2025-06,263,258,01399-00645-00258,HEED Bangladesh,98,130,877,223,1100,6236,194512,1,200749,3915,140749,1,144664,3227496603,10182110000,5767410248
2025-06,264,706,01185-04747-00706,Help Bangladesh,98,1,2,5,7,,1582,,1582,,788,,788,26902292,23251000,33019845
2025-06,265,393,01928-02098-00393,Hilful Fuzul Samaj Kallyan Sangstha,98,,,,,,,,,,,,,,,
2025-06,266,763,21112-00090-00763,Hira Samaj Unnayan Sangstha (HSUS),99,1,12,3,15,117,1121,,1238,95,938,,1033,15598405,28362000,27833985
2025-06,267,124,00938-00810-00124,Holodia Mohila Unnayan Sangstha,99,3,9,7,16,124,1090,,1214,98,755,,853,15433778,39322000,30785286
2025-06,268,615,02594-01708-00615,Homeland Development Organization (HDO),99,1,10,4,14,359,733,,1092,304,602,,906,9190790,29309000,19815685
2025-06,269,517,01469-02078-00517,HOPE,99,9,56,14,70,390,8114,,8504,262,5871,,6133,142086034,668469000,410547463
2025-06,270,851,21112-00643-00851,HUMAN AND NATURE DEVELOPMENT SOCIETY (HANDS),99,1,6,2,8,160,1095,,1255,111,861,,972,4810385,25961000,14822636
2025-06,271,797,21112-00154-00797,HUMANITARIAN AID FOR RURAL DEVELOPMENT SOCIETY,99,11,25,14,39,240,5521,,5761,125,4197,,4322,10275852,72374000,67446461
2025-06,272,873,21112-01166-00873,Hunger Poverty Alleviation Organization (H.P.A.O),99,1,3,0,3,529,981,,1510,424,728,,1152,2832508,35397550,25717262
2025-06,273,118,01886-01501-00118,IDEAL (Institute of evelopment Education for Advancement of Landless),99,14,1,14,15,400,14033,,14433,205,8249,,8454,78299264,255697000,155407854
2025-06,274,761,21112-00214-00761,IDEAL KARMA SHAHAOK FOUNDATION,99,3,11,1,12,2,2964,,2966,,2224,,2224,30629581,119507000,65286054
2025-06,275,399,01133-01814-00399,Initiative for People’s Development (IPD),100,2,8,3,11,,1422,,1422,,1092,,1092,5547638,22694000,17779082
2025-06,276,852,21112-00325-00852,INTEGRATED COMMUNITY DEVELOPMENT COMMITTEE,100,1,1,1,2,230,1686,,1916,220,1372,,1592,1203723,2897000,5916954
2025-06,277,839,21112-0174-00839,Integrated Community Development Society (I.C.D.S),100,1,8,2,10,479,788,,1267,474,639,,1113,1850767,735000,7883830
2025-06,278,249,01920-01872-00249,Integrated Development Foundation,100,120,805,75,880,2901,141312,,144213,2213,111479,,113692,1767419369,9548392453,4813215099
2025-06,279,94,00361-03311-00094,Integrated Rural Development Organization (IRDO),100,23,42,10,52,,,,,,,,,,331537710,
2025-06,280,7,02693-01298-00007,Integrated Service for Development of Children & Mothers (ISDCM),100,8,34,10,44,88,2877,,2965,57,2188,,2245,24425911,92375000,58144766
2025-06,281,825,21112-00879-00825,INTEGRATED SOCIAL SERVICE OF PEOPLES ADVANCEMENT (ISSPA),100,3,14,0,14,696,1188,,1884,536,896,,1432,9905053,57478000,37419336
2025-06,282,259,01001-00055-00259,Integrated Social Welfare Association (ISWA),100,1,7,2,9,481,550,,1031,401,506,,907,5176708,16829000,12557570
2025-06,283,591,01649-00325-00591,Isamati Samaj Unnayan Sangstha,100,2,8,0,8,252,883,,1135,221,853,,1074,12008146,47961000,32112182
2025-06,284,342,02183-00557-00342,Islami Social Development Organization (ISDO),101,6,15,10,25,165,1776,,1941,117,1168,,1285,8773054,38744000,31067736
2025-06,285,334,02114-00225-00334,Jagarani Mohila Kallyan Sangstha (JMKS),101,2,5,6,11,,1471,,1471,,1017,,1017,6706011,23579000,21815979
2025-06,286,8,00322-01714-00008,Jagorani Chakra Foundation (JCF),101,652,5670,235,5905,87308,532041,,619349,76373,471602,,547975,20391803341,66740692000,54753650495
2025-06,287,592,06757-05004-00592,Jagoroni Somaj Unnayan Sangstha,101,,,,,,,,,,,,,,,
2025-06,288,50,01638-01520-00050,Jagrata Juba Shangha (JJS),101,4,13,9,22,219,4544,,4763,175,3330,,3505,54311046,104912000,84252898
2025-06,289,231,01420-01221-00231,JAKAS Foundation,101,100,638,144,782,9496,125279,,134775,4929,86846,,91775,1617088050,8494785000,4279072792
2025-06,290,667,06492-02142-00667,Jamuna Samaj Kallyan Sangstha,101,2,9,2,11,,1439,,1439,,1056,,1056,7673952,45986000,24521682
2025-06,291,493,00634-04219-00493,Jamuna Social Foundation,101,2,6,2,8,319,745,,1064,303,700,,1003,3021203,20251000,13406672
2025-06,292,408,00663-02220-00408,Jana Kalyan Sangha (JKS),101,15,64,33,97,569,7871,,8440,431,6948,,7379,54592279,330915000,186710999
2025-06,293,755,02251-01459-00755,Janakallyan Manobik Unnoyon Shankstha,101,2,5,0,5,151,996,,1147,85,921,,1006,3639405,17185000,11482729
2025-06,294,722,01850-03826-00722,Janata Polli Unnayan Sangstha (jpus),102,5,13,2,15,148,1881,,2029,148,1286,,1434,6455251,26153000,21096281
2025-06,295,443,06637-04368-00443,Jano Hitoishi Sangstha,102,1,5,2,7,,1250,,1250,,1102,,1102,3267254,12720000,16972913
2025-06,296,772,21112-00384-00772,JANO UNNAYAN FOUNDATION,102,11,56,3,59,207,7766,,7973,70,5812,,5882,93749282,285301000,192989862
2025-06,297,310,02487-00630-00310,Janoseba,102,5,12,23,35,,5034,,5034,,3459,,3459,73279853,181201000,102305964
2025-06,298,736,02334-01829-00736,Jatio Tarun Sangha,102,2,10,2,12,90,917,,1007,54,650,,704,6296596,30030000,20729569
2025-06,299,427,00177-02978-00427,Jibon Sandhani Somaj Kallyan Sangstha (JSSKS),102,,,,,,,,,,,,,,,
2025-06,300,707,02838-03610-00707,Joutha Udyog,102,1,2,0,2,290,563,,853,153,486,,639,1746658,2195001,4183221
2025-06,301,700,06220-04807-00700,Joutha Unnayan Prochesta (JUP),102,1,18,0,18,308,2515,,2823,149,1883,,2032,30241350,79122375,51361996
2025-06,302,784,21112-00253-00784,JOYOTI SOCIETY,102,5,12,9,21,,4469,,4469,,2990,,2990,16828735,83029000,59190561
2025-06,303,278,01421-02528-00278,Joypurhat Rural Development Movement (JRDM),102,40,308,19,327,4023,44747,,48770,3589,41097,,44686,526821356,3963224000,2178347972
2025-06,304,144,00192-01282-00144,Jugantar Samaj Unnayan Sangstha (JSUS),102,5,16,6,22,94,2829,,2923,72,2078,,2150,34560991,134566000,89055779
2025-06,305,540,02418-00176-00540,Kakon Bahumuki Unnayan Songstha (KBUS),103,7,31,3,34,339,5220,,5559,223,4211,,4434,36101117,198874000,125677366
2025-06,306,809,21112-00038-00809,Kapasia Polliseba Shishiu O Protibandhi Foundation (kpspf),103,8,25,5,30,310,2443,,2753,222,1911,,2133,70339704,137995000,85598682
2025-06,307,607,03022-02787-00607,Karatoa Pally Unnoyan Shangstha (kpus),103,1,4,1,5,,907,,907,,558,,558,2550295,8794427,7483692
2025-06,308,132,04487-01682-00132,Karmarjan,103,7,29,3,32,668,3940,,4608,383,2944,,3327,19992196,110293000,77033524
2025-06,309,428,00796-04306-00428,Karmojibi Kallyan Sangstha (KKS),103,,,,,,,,,,,,,,,
2025-06,310,638,01632-02081-00638,Khandaker Kallyan Trust and Organization,103,2,3,1,4,63,807,,870,53,748,,801,1942236,3205000,5226434
2025-06,311,601,02196-00957-00601,Khandokhetro Samajic Unnayan Sangstha (K.S.D.O.),103,1,14,2,16,143,1008,,1151,121,980,,1101,4875721,17162216,20511854
2025-06,312,35,01222-00357-00035,Khulna Mukti Seba Sangstha (KMSS),103,12,47,7,54,250,8704,,8954,201,6891,,7092,35713858,278668000,168160983
2025-06,313,309,01404-00160-00309,KPUS (Kushtia Palli Unnayan Sangstha),103,15,103,31,134,124,22171,,22295,50,16237,,16287,185561181,969987000,652125407
2025-06,314,639,02774-00112-00639,Lal Hossain Chowdhury Memorial Foundation,103,2,6,1,7,24,749,,773,21,675,,696,5386853,18873000,14885938
2025-06,315,286,00037-01156-00286,Leya Health & Education Development Foundation,104,1,6,1,7,26,1768,,1794,17,1289,,1306,7661156,12803000,13021324
2025-06,316,774,21112-00583-00774,Light House,104,5,18,10,28,28,3420,,3448,21,2785,,2806,21038880,138681000,79317060
2025-06,317,721,02073-00518-00721,Local Development Program (LDP),104,3,15,3,18,105,2508,,2613,58,1521,,1579,31497752,150860000,107127165
2025-06,318,238,01481-01211-00238,Local Initiative for Empowerment (LIFE),104,1,7,2,9,,728,,728,,621,,621,3945721,13275000,10605052
2025-06,319,72,03701-02567-00072,LUSTRE,104,7,16,4,20,1083,1034,,2117,792,531,,1323,7140368,49591000,28950619
2025-06,320,218,00927-01082-00218,Mamata,104,103,670,282,952,10833,154536,,165369,6405,106150,,112555,3249049113,8552532500,5800839736
2025-06,321,716,02169-02573-00716,Manab Kallayan Sangstha Comilla (MAKS COMILLA),104,1,4,0,4,,665,,665,,660,,660,956849,3800000,11647505
2025-06,322,762,21112-00001-00762,Manab Mukti Sangstha,104,35,234,53,287,53,73494,,73547,46,52038,,52084,612915657,3363144000,1506152867
2025-06,323,359,04591-03510-00359,Manab Sampad Unnayan Kendra,104,7,44,8,52,1843,7121,,8964,1363,4825,,6188,76677348,,304482862
2025-06,324,339,03352-01574-00339,Manab Seba Ovijan,104,11,49,9,58,1430,13004,,14434,872,9500,,10372,164440198,663925000,451451197
2025-06,325,686,04615-00668-00686,Manab Unnayan Kendra,105,2,14,6,20,61,2002,,2063,52,1528,,1580,7801371,59074000,34610023
2025-06,326,233,00165-01033-00233,Manabik Shahajya Sangstha (MSS),105,162,1197,129,1326,10394,160920,,171314,8340,130186,,138526,2513608496,10142481000,6680268057
2025-06,327,777,21112-00181-00777,Manikganj Unnayan Songstha (Maus),105,1,7,3,10,157,1138,,1295,143,1050,,1193,7679620,14926000,16480783
2025-06,328,67,03457-02024-00067,Manob Sakti Unnayan Kendro (MSUK),105,11,69,24,93,897,11039,,11936,687,8652,,9339,52090456,377442000,221953317
2025-06,329,545,03822-01223-00545,Manabsampad Kallan Sangstha (MAKS),105,,,,,,,,,,,,,,,
2025-06,330,618,02279-01355-00618,Maitree Seba Sangstha (matreeseba),105,1,5,1,6,462,578,,1040,304,446,,750,4830073,11205000,9382612
2025-06,331,651,00678-00342-00651,Mirzapur Paribesh Unnayan Foundation,105,6,22,6,28,1114,2158,,3272,985,2123,,3108,11584020,53372000,64467830
2025-06,332,450,01465-02227-00450,Modern Development Organization (MDO),105,20,134,9,143,1064,24486,,25550,788,17848,,18636,294546788,1508947000,870051987
2025-06,333,363,03703-01005-00363,Mohila Bohumukhi Shikkha Kendra (Mohila Bohumukhi Shikkha Kendra),105,30,218,51,269,822,43900,,44722,564,31771,,32335,528927952,2229818000,1352873108
2025-06,334,795,21112-00164-00795,MOHISHBATHAN SAMAJ KALLAYAN SAMITI,105,2,12,6,18,59,1849,,1908,49,1449,,1498,9324360,65932000,41477652
2025-06,335,223,00785-00079-00223,Mother Advancement Assistance (MAA),106,2,10,2,12,84,4346,2,4432,84,3202,1,3286,11455498,24879200,20088211
2025-06,336,877,21112-00076-00877,MOUCHAK SAMAJ UNNAYAN SANGSTHA,106,1,4,3,7,209,1076,,1285,190,1005,,1195,7671445,38901000,21424918
2025-06,337,586,00295-00985-00586,Moulik Babosthapona Sangstha (BMS),106,2,9,1,10,391,1326,,1717,315,1083,,1398,8003398,50904000,38239474
2025-06,338,240,00563-00229-00240,Mousumi,106,41,295,18,313,17559,23963,,41522,15257,19549,,34806,1099090303,5134156000,3204991354
2025-06,339,272,00908-00278-00272,Mukti Cox’sbazar,106,30,165,52,217,1871,25818,,27689,1382,19658,,21040,315140521,1477844000,876935334
2025-06,340,381,05793-02095-00381,Mukti Foundation,106,1,2,1,3,322,1526,,1848,207,1038,,1245,2637557,2340000,3543255
2025-06,341,362,01028-00279-00362,Mukti Nari-O-Shishu Unnayan Sangstha,106,3,4,3,7,,638,,638,,353,,353,1116613,2399159,2906496
2025-06,342,306,01119-00936-00306,Muktipath Unnayan Kendra,106,20,48,122,170,127,42922,,43049,60,25651,,25711,325835959,849417000,626521654
2025-06,343,368,02764-00738-00368,Muslim Aid-Bangladesh,106,47,176,22,198,924,36296,,37220,592,24644,,25236,752204401,1768591728,1040750508
2025-06,344,742,00368-01984-00742,NABARUPA POLLY,107,3,11,2,13,1102,2204,,3306,499,999,,1498,17503387,22116000,26463265
2025-06,345,815,21112-01165-00815,Nabodip Somaj Kallayn Songstha,107,1,,,0,,,,,,,,,,1643350,
2025-06,346,158,01045-00591-00158,Nabolok Parishad,107,44,269,105,374,9290,58252,,67542,7655,46030,,53685,593625366,3350130000,2299762063
2025-06,347,514,00697-02433-00514,Namuja Orthonoitik Unnayan Sangstha (NEDO),107,5,28,5,33,720,3877,,4597,519,2998,,3517,17445815,72696000,77464060
2025-06,348,748,01536-03340-00748,Naogaon Artho-Samajic Unnayan Sangstha,107,1,6,2,8,,1379,,1379,,986,,986,4182961,9349000,16033430
2025-06,349,819,21112-00681-00819,Naogaon Economic & Social Development Organization (NESDO),107,,,,,,,,,,,,,,,
2025-06,350,897,32021-00035-00897,Narayanganj Nari O Gram Unnayan Foundation (NGUF),107,5,17,9,26,8,2689,,2697,5,2180,,2185,8628356,78289500,39258567
2025-06,351,842,21112-0110-00842,Nari Development Organization (NDO),107,2,8,0,8,737,440,,1177,724,432,,1156,3635522,20270000,11525615
2025-06,352,575,00976-03082-00575,Nari Maitree (NM),107,4,13,10,23,38,2056,,2094,36,1915,,1951,5154968,37415000,33719049
2025-06,353,149,00206-00025-00149,Nari Uddog Kendra (NUK),107,6,6,7,13,,1614,,1614,,1219,,1219,7159250,41880000,28741184
2025-06,354,750,01447-01882-00750,Nari Unnayan Forum (NUF),108,1,3,2,5,,1031,,1031,,730,,730,4151036,15771000,17635838
2025-06,355,422,00046-00327-00422,Naria Unnayan Samity (NUSA),108,45,3,0,3,1598,50877,,52475,1102,37423,,38525,940811289,4956337000,3249324506
2025-06,356,123,00260-01715-00123,National Development Council (NDC),108,1,4,1,5,,1491,,1491,,1145,,1145,3491539,21533000,13245191
2025-06,357,222,01229-00332-00222,National Development Programme (NDP),108,122,779,364,1143,6580,162153,,168733,4700,136039,,140739,2738442028,12447710000,7842139301
2025-06,358,646,05827-02134-00646,Nawbagonj Integrated Poverty Aleavation Foundation,108,1,3,0,3,119,792,,911,116,621,,737,9977452,19140000,15758574
2025-06,359,139,02489-00089-00139,Nazir (Natun Zibon Rochi),108,10,81,22,103,82,15142,,15224,47,11613,,11660,111250685,645156000,371831912
2025-06,360,711,02786-01857-00711,Nazrul Smriti Sangsad (NSS),108,2,9,5,14,689,934,,1623,580,583,,1163,8103496,12195000,22064204
2025-06,361,508,01666-00838-00508,NEDA Society,108,3,11,5,16,177,1522,,1699,152,1030,,1182,10058550,53342000,31196309
2025-06,362,604,01048-02421-00604,NEED Manabik Unnayan Kendra,108,,,,,,,,,,,,,,,
2025-06,363,61,02408-01107-00061,New Era Foundation,108,20,191,12,203,3649,31516,,35165,2695,23392,,26087,421904997,2082198000,1237798940
2025-06,364,566,01053-01207-00566,New Initiative for Empowerment of the Poor,109,2,7,3,10,255,2068,,2323,229,1937,,2166,22268720,60956000,57299094
2025-06,365,863,21112-00247-00863,NICE SOCIAL WELFARE Organization (NSWO),109,1,12,0,12,,1273,,1273,,1123,,1123,3897153,25425000,13856567
2025-06,366,602,02837-01724-00602,Nirapad Islami Gram Unnayan Sangstha (NIGUS),109,3,11,5,16,1227,2115,,3342,1126,2152,,3278,48035172,257528262,141470887
2025-06,367,675,02611-01592-00675,Nirapod Samaj (NS),109,4,21,4,25,1547,1988,,3535,1230,1281,,2511,19622277,120254500,89584421
2025-06,368,535,01489-03241-00535,Nirman Sangathan (NS),109,1,13,0,13,275,1350,,1625,255,1275,,1530,18636676,110718000,67101446
2025-06,369,580,01021-00508-00580,Nirmol Foundation (nirmolf),109,1,3,3,6,103,682,,785,75,473,,548,3279087,5848000,8107059
2025-06,370,378,02867-00786-00378,Nishkriti,109,14,32,43,75,695,14842,,15537,395,10488,,10883,158988853,434918000,272250739
2025-06,371,352,02640-01133-00352,Niskrity Foundation,109,11,54,2,56,1371,6852,,8223,1074,5232,,6306,73910239,151179000,95163758
2025-06,372,392,02475-01522-00392,Noakhali Rural Action Society (N- RAS),109,2,11,1,12,,1569,,1569,,1214,,1214,10661141,54025000,37613144
2025-06,373,116,01514-02005-00116,Noakhali Rural Development Society,109,75,428,122,550,1322,96953,,98275,955,70437,,71392,1565205862,4807002000,2842926909
2025-06,374,418,01361-00347-00418,Noble Education & Literary Society,109,7,72,1,73,281,8739,,9020,263,8130,,8393,59239606,487725000,255899596
2025-06,375,166,01510-00598-00166,Nobo Jibon,110,5,20,8,28,113,5761,,5874,84,4734,,4818,14792425,75910000,55801611
2025-06,376,884,32021-00049-00884,Nobojatra Manobik Unnayan Sangstha,110,5,23,0,23,,2970,,2970,,2431,,2431,10520546,109108000,68271613
2025-06,377,782,21112-00404-00782,NOOR FOUNDATION BANGLADESH,110,8,6,29,35,529,2823,,3352,410,2306,,2716,18197030,80420000,45646590
2025-06,378,407,00314-02594-00407,Normisjon Bangladesh,110,14,59,0,59,1298,8833,,10131,1127,7190,,8317,77646270,525266000,289328809
2025-06,379,660,02678-04178-00660,North Bengal Rural Development Society (NRDS),110,4,7,19,26,351,4466,,4817,240,3140,,3380,46501690,186450000,100379971
2025-06,380,823,21112-00170-00823,Northern Development Foundation-NDF,110,7,38,6,44,531,5057,,5588,399,4175,,4574,15129930,107772674,91926629
2025-06,381,284,04791-03146-00284,Notun Shathi,110,8,39,3,42,1663,5336,,6999,1187,3840,,5027,86340053,2471721000,216915300
2025-06,382,345,01519-00587-00345,Nowabenki Gonomukhi Foundation,110,44,345,83,428,5285,84944,,90229,4014,58686,,62700,1037905206,3766851000,2429539152
2025-06,383,867,21112-01189-00867,Organization for Agricultural Social And Intellectual Salvation (OASIS),110,,,,,,,,,,,,,,,
2025-06,384,156,01169-04138-00156,OCAB Society,111,,,,,,,,,,,,,,,
2025-06,385,314,01620-02596-00314,OPCA ( Organization for the Poor Community Advancement),111,15,76,52,128,676,14127,,14803,444,9631,,10075,147762743,639199000,382793388
2025-06,386,187,04121-01370-00187,Organization for Rural Advancement (ORA),111,2,3,4,7,414,764,,1178,414,748,,1162,241496,2407500,7241024
2025-06,387,186,02428-03744-00186,Organization for Social Advancement & Cultural Activities (OSACA),111,52,442,2,444,,80007,,80007,,68507,,68507,1006706126,4853679000,3568149848
2025-06,388,39,00670-00643-00039,Organization for Social and Economical Development (OSED),111,5,27,3,30,10,4763,,4773,,3557,,3557,27782678,127538000,81874222
2025-06,389,740,05367-03154-00740,ORGANIZATION FOR DEFENDING THE DISABLE (DDO),111,1,4,10,14,,2163,,2163,,794,,794,56135,16020000,5216874
2025-06,390,642,06035-01175-00642,Organization-for-the Poor Advancement Committee (OPAC),111,8,32,15,47,,6684,,6684,,4792,,4792,79228311,249389000,211451301
2025-06,391,595,05581-00961-00595,Oriental Foundation (ORIENTAL FOUNDATION),111,3,4,6,10,276,925,,1201,246,795,,1041,7192174,21166000,11020977
2025-06,392,101,01648-01342-00101,Pabna Protishsruti,111,42,313,23,336,1791,49511,,51302,1194,37423,,38617,523533389,3212845000,2053201399
2025-06,393,95,00181-00468-00095,Padakhep Manabik Unnayan Kendra (Padakhep),111,395,3472,860,4332,80998,528407,,609405,60805,432825,,493630,12968707136,47903329080,33741086228
2025-06,394,658,03783-02842-00658,Padma-Gorai Manobik Unnayan Sangstha (pgmus),112,,,,,,,,,,,,,,,
2025-06,395,28,00561-00657-00028,Page Development Centre,112,161,1097,277,1374,2566,207459,,210025,1711,157624,,159335,3567429478,13796121000,8248235512
2025-06,396,69,03164-00606-00069,Palashipara Samaj Kallayan Samity (PSKS),112,25,220,106,326,481,27668,,28194,436,25382,,25818,241678380,1453461000,931996371
2025-06,397,817,21112-00020-00817,PALIMATI SAMAJ KALYAN FOUNDATION (PSKF),112,2,7,5,12,,1446,,1446,,1086,,1086,4583396,36643000,21819588
2025-06,398,90,00313-00543-00090,Palli Bandhan Kendra,112,4,18,2,20,158,3492,,3650,129,2491,,2620,35052851,113553000,69421657
2025-06,399,383,00277-04240-00383,Palli Bhandhu Unnayan Sangstha,112,29,65,37,102,375,17657,,18032,354,13927,,14281,122458620,186385230,381602928
2025-06,400,645,02170-00679-00645,Palli Bikash Foundation (PBF),112,2,4,3,7,14,630,,644,8,447,,455,1015002,1666000,3691430
2025-06,401,554,00094-01095-00554,Palli Karma Unnayan Sangstha (PKUS),112,5,18,3,21,2644,2147,,4791,1884,1894,,3778,62906141,73068500,90001761
2025-06,402,312,00862-00387-00312,Palli Mongal Karmosuchi,112,340,2300,353,2653,14978,346434,,361412,13693,282436,,296129,7165551770,36482708000,25940107528
2025-06,403,197,02223-01083-00197,Palli Pragati Samity,112,20,134,12,146,3183,19190,,22373,2236,14248,,16484,242188585,1170856000,665287526
2025-06,404,280,02178-00214-00280,Palli Progoti Shahayak Samity,113,61,328,50,378,1288,56557,,57845,971,41658,,42629,495600360,2634240000,1546964970
2025-06,405,282,01619-04118-00282,Palli Rakkha Sangstha (PARAS),113,1,4,2,6,,1173,,1173,,1016,,1016,529390,14551000,8621891
2025-06,406,37,01235-00619-00037,Palli Samonnaya O Shikkha Kallyan Parishad (Pasashik Parsad),113,6,14,6,20,,3213,,3213,,2030,,2030,12193001,56071000,38762115
2025-06,407,794,21112-00406-00794,Palli Seba Sangha (PSS),113,1,7,5,12,,1988,,1988,,1442,,1442,20638536,72095000,38327647
2025-06,408,331,00208-05115-00331,Palli Shishu Foundation of Bangladesh,113,21,156,24,180,721,23056,,23777,432,15327,,15759,257886230,1247975000,675134286
2025-06,409,193,00984-01198-00193,Palli Sohojogi Bishoyak Sangstha (ARCO),113,,,,,,,,,,,,,,,
2025-06,410,313,01572-00660-00313,Pollisree,113,20,50,109,159,769,32917,,33686,635,25311,,25946,284572203,1547854000,814027774
2025-06,411,705,02909-04702-00705,Palli Unnayan Foundation,113,1,8,1,9,123,1483,,1606,115,891,,1006,7175907,16481000,16063618
2025-06,412,440,01667-00832-00440,Palli Unnayan Parishad (PUP),113,4,20,8,28,58,2699,,2757,54,1959,,2013,27946665,52999500,53702815
2025-06,413,190,00529-03996-00190,Pally Bikash Kendra (PBK),113,72,409,148,557,1347,65143,,66490,762,49540,,50302,1534642117,5089695500,3200507554
2025-06,414,614,02861-00942-00614,Pally Kallyan Sangstha,114,1,2,1,3,243,858,,1101,188,704,,892,1786923,8511000,7813646
2025-06,415,254,00140-01701-00254,Pally Unnayan Samaj Kallyan Sangstha,114,3,14,4,18,194,1570,,1764,130,1200,,1330,12968686,36741000,27232091
2025-06,416,553,03517-03233-00553,Peoples Union of the Marginalized Development Organization (PUMDO),114,1,3,2,5,2,831,,833,2,666,,668,5451278,16773000,12956171
2025-06,417,737,02066-00241-00737,PANJERI SWAMAJ UNNAYAN SANGSTHA (PSUS),114,2,8,5,13,282,1413,,1695,176,997,,1173,19677654,99764000,64352261
2025-06,418,473,01849-01564-00473,Parashmoni Samajik Unnayan Sangstha,114,4,24,2,26,125,3951,,4076,91,2966,,3057,25492369,182088000,115067895
2025-06,419,178,00474-00243-00178,Paribar Unnayan Sangstha (FDA),114,42,365,21,386,6747,66378,,73125,5376,48661,,54037,1010383725,4984280000,2917948159
2025-06,420,126,02819-01137-00126,Pariber O Shishu Kallyan Kendra,114,4,17,7,24,459,5075,,5534,407,3756,,4163,28299726,84648000,53895101
2025-06,421,453,00810-00012-00453,Participatory Development Organization (PDO),114,3,4,0,4,57,2877,,2934,48,2178,,2226,38687170,160500000,105284951
2025-06,422,799,21112-00679-00799,Parvin Samaj Kallayan Sangstha,114,,,,,,,,,,,,,,,
2025-06,423,261,00649-00380-00261,Patakuri Society,114,12,87,15,102,2,23276,,23278,2,17854,,17856,196839879,713025000,430642093
2025-06,424,520,01882-01666-00520,Pathokoli Sangstha,115,2,14,9,23,342,5103,,5445,249,3635,,3884,28032609,110009000,60647188
2025-06,425,162,00935-00094-00162,PIDIM Foundation,115,124,839,66,905,9733,90300,,100033,7410,68408,,75818,2558026735,10653907000,7025660295
2025-06,426,878,21112-00876-00878,PDO(Peace & Development Organization),115,2,4,3,7,66,930,,996,58,717,,775,1337301,10390000,8725206
2025-06,427,807,21112-00106-00807,People’s Development Foundation (PDF),115,12,30,12,42,1098,6889,,7987,821,5213,,6034,14947263,71930000,50665685
2025-06,428,505,02288-00609-00505,Peoples Development Society (PDS),115,5,16,7,23,72,1974,,2046,17,1323,,1340,9829728,73326000,42465555
2025-06,429,854,21112-00144-00854,Peoples Organization For Empowerment (POFE),115,1,6,3,9,,1257,,1257,,1057,,1057,3252441,11666000,10033331
2025-06,430,159,02150-01563-00159,Peoples Oriented Program Implementation (POPI),115,294,2197,395,2592,2185,353485,,355670,593,296994,,297587,8766080804,24400228000,19498236719
2025-06,431,627,00257-00066-00627,People’s Welfare Foundation,115,5,23,3,26,10,3700,,3710,,2713,,2713,35275901,202818000,124218145
2025-06,432,416,00090-01828-00416,Perfect Development Foundation,115,5,24,6,30,754,4774,,5528,623,3409,,4032,59405189,203324000,141457028
2025-06,433,719,00202-01963-00719,Plaban Polli Unnayan Kormosuchi,116,,,,,,,,,,,,,,,
2025-06,434,726,01733-00104-00726,Polli Samajik Karzokram Sangstha,116,2,7,1,8,13,843,,856,5,428,,433,2379814,9305000,5776911
2025-06,435,735,00861-02582-00735,Polly Arthik Unnayan Karzocrom,116,1,4,2,6,480,1017,,1497,440,550,,990,11877401,219982500,19867438
2025-06,436,210,00021-00760-00210,Polly Sheba Shangstha(PSS),116,5,15,5,20,440,8670,,9110,301,6048,,6349,67821560,466513000,271956824
2025-06,437,717,01308-01875-00717,Poor Human Integrated Social Welfare Organization (PHISWO),116,1,4,4,8,,984,,984,,818,,818,2961454,7070000,11344265
2025-06,438,623,01398-01622-00623,Poor Relief Services & Health Assistance Society,116,4,12,4,16,,4761,,4761,,3830,,3830,73874052,295241000,179969195
2025-06,439,204,01616-01384-00204,Poor Welfare Organization (PWO),116,5,33,8,41,2785,4213,,6998,2218,2876,,5094,99121018,451556000,248725162
2025-06,440,578,01770-01587-00578,Poribar Kallyan Sahayak Samittee (PKSS),116,1,1,5,6,141,754,,895,117,613,,730,2861137,11044000,7895041
2025-06,441,622,00566-00036-00622,Poribar Unnayon Foundation (FDF),116,5,17,10,27,269,2952,,3221,216,2179,,2395,33121956,100676000,65583181
2025-06,442,2,00805-00006-00002,Posobid Unnoyon Sangstha,116,1,7,3,10,726,1654,,2380,457,712,,1169,6953298,1305000,27558429
2025-06,443,785,21112-00211-00785,Pous Foundation,117,4,22,5,27,17,2997,,3014,9,2655,,2664,18436005,147156000,100494240
2025-06,444,471,03434-00816-00471,Poverty Alleviation and Social Advancement Association (PASAA),117,2,9,1,10,366,936,,1302,290,485,,775,6934433,18029000,18233971
2025-06,445,255,00751-00623-00255,Poverty Alleviation Drive (PADT),117,5,15,11,26,1150,2534,,3684,702,1897,,2599,53541511,134002000,82856442
2025-06,446,107,00571-00090-00107,Poverty Alleviation Through Participatory Rural Initiatives (PAPRI),117,28,130,72,202,350,23270,,23620,281,17813,,18094,202509845,1174161000,645350983
2025-06,447,307,00521-00022-00307,PRISM Bangladesh Foundation,117,65,441,15,456,39,60668,,60707,,42091,,42091,1020928681,5147638000,3715627911
2025-06,448,194,00987-00690-00194,Prodipan,117,16,44,10,54,5567,10306,,15873,2543,8330,,10873,133981851,368483000,233979254
2025-06,449,437,00474-01835-00437,Progoti Kendro,117,2,4,,4,44,2080,,2124,20,1745,,1765,3078732,24606000,20079064
2025-06,450,48,01987-01454-00048,Progoti Samajkallyan Sangstha (PSS),117,4,25,5,30,471,3196,,3667,381,2036,,2417,28312063,124005000,93526654
2025-06,451,135,01508-00703-00135,Program for Community Development (PCD),117,48,276,50,326,12585,38975,,51560,9070,27363,,36433,475577614,3529429000,2446125216
2025-06,452,793,21112-00042-00793,PROGRAMMES FOR PEOPLES DEVELOPMENT (PPD),117,20,130,36,166,288,25051,,25339,246,17721,,17967,235799522,1289510000,945004415
2025-06,453,169,01973-02543-00169,Progress (Akti Samaj nnayanmulak Sangstha),118,26,107,23,130,,24893,,24893,,18701,,18701,162895722,1143187000,688415863
2025-06,454,844,21112-00003-00844,PROGRESSIVE STAR SOCIETY (P.S.S),118,1,7,0,7,206,1196,,1402,166,839,,1005,2303910,19610500,13824134
2025-06,455,547,03109-01999-00547,Projukti Peeth,118,,,,,,,,,,,,,,,
2025-06,456,370,03647-01306-00370,PROKAS (Proshikkan Karmasangsthan O Artha-Samajic Unnayan Sangstha),118,6,43,1,44,387,5614,,6001,247,3746,,3993,185954164,425692000,292294797
2025-06,457,600,00152-03135-00600,Proshika Manabik Unnayan Kendro,118,477,2296,1070,3366,133045,494376,,627421,72421,242452,,314873,12996500611,21417411100,17187385058
2025-06,458,625,05094-02747-00625,Protibandhi Kallyan Kendro (PKK),118,3,10,7,17,808,1235,,2043,648,993,,1641,12015253,39967000,32662093
2025-06,459,616,01925-03159-00616,Protiddhani Samaj Unnaya Sangstha (PSUS),118,1,9,0,9,123,1338,,1461,70,963,,1033,5147357,18188900,25628264
2025-06,460,421,01405-00926-00421,Protiggya Parishad,118,1,11,5,16,252,781,,1033,200,505,,705,24996899,68731000,44788403
2025-06,461,568,04558-01053-00568,Protisruti Manobik Bikash Sangstha,118,1,3,5,8,18,1223,,1241,12,995,,1007,7227091,25012000,14196334
2025-06,462,20,02234-00389-00020,Prottoy Unnayan Sangstha (Prottoy),118,6,22,20,42,479,5510,,5989,321,3906,,4227,69336618,272330000,166860300
2025-06,463,145,00940-00304-00145,Prottyashi,119,139,997,172,1169,815,307646,,308461,324,224709,,225033,5152904510,17924271923,9891973531
2025-06,464,248,00978-00986-00248,Proyas Manobik Unnayan Society,119,74,418,219,637,3110,83431,,86541,2213,63161,,65374,843586925,4012875492,2256685400
2025-06,465,439,03596-01741-00439,Proyash Unnayan Sangstha,119,5,18,4,22,1052,3133,,4185,851,2225,,3076,19867404,63256000,54194836
2025-06,466,779,21112-00691-00779,PUSPO POLLI UNNAYAN SONGSTHA,119,5,16,1,17,697,2106,,2803,366,1468,,1834,6735748,38582000,28504187
2025-06,467,74,02107-00182-00074,Rajshahi Social Development Program (RSDP),119,7,20,2,22,392,4693,,5085,294,3272,,3566,45170860,187524600,133322141
2025-06,468,457,00933-00078-00457,Rangpur Health & Education Improvement Society (RHEIS),119,2,11,1,12,207,1272,,1479,187,1147,,1334,6413767,40098000,29489524
2025-06,469,76,02547-00551-00076,Rangpur Unnayan Samajik Sangstha (RDSS),119,2,7,3,10,207,674,,881,177,516,,693,6872660,41971000,27138267
2025-06,470,820,21112-00210-00820,Raymajhira Sabuj Sangha (RSS),119,1,7,0,7,,1089,,1089,,1025,,1025,3874288,17755000,16148432
2025-06,471,192,00143-00175-00192,RDRS Bangladesh,119,288,2180,764,2944,32152,431532,,463684,25941,348095,,374036,5500859883,24818699000,15628077909
2025-06,472,652,00302-01029-00652,Relation,120,2,6,2,8,85,955,,1040,84,912,,996,3002428,23802000,14792889
2025-06,473,390,03155-02577-00390,Report for Development Society (RDS),120,6,26,0,26,64,4796,,4860,33,3327,,3360,1877901,105479000,91930272
2025-06,474,429,00924-00476-00429,Resource Development Foundation (RDF),120,66,218,12,230,1937,33915,,35852,1453,28105,,29558,133304892,714645500,784281451
2025-06,475,167,00349-01375-00167,Resource Integration Centre (RIC),120,422,2192,145,2337,36919,438916,,475835,30621,369583,,400204,5673048053,36065975006,20331259068
2025-06,476,664,02450-02480-00664,Retired Grameen Banker’s Foundation,120,2,4,2,6,490,619,,1109,383,626,,1009,6432477,21317000,9869433
2025-06,477,611,00018-00267-00611,RISDA- Bangladesh,120,8,25,1,26,,4329,,4329,,3448,,3448,30397617,126818000,97581381
2025-06,478,843,21112-0295-00843,Rishi Foundation,120,12,51,19,70,484,16283,,16767,407,11920,,12327,86940196,219593000,174491380
2025-06,479,138,00858-00806-00138,Rova Foundation,120,20,112,9,121,1599,20846,,22445,1300,17015,,18315,182210363,1311895000,848503735
2025-06,480,827,21112-01068-00827,RUPASHI BANGLA UNNAYAN SANGSTHA (RBUS),120,2,5,1,6,536,875,,1411,451,564,,1015,5038373,38254000,27458769
2025-06,481,771,21112-00273-00771,RUPOSHI BANGLA SOCIETY,121,2,8,2,10,156,952,,1108,134,867,,1001,5127484,11574000,15906167
2025-06,482,900,32021-00859-00900,Ruposhi Unnayan Sangstha,121,5,,,0,,3290,,3290,,1456,,1456,5345144,,23250490
2025-06,483,478,04097-03718-00478,Rural & Urban People’s Association (RUPA),121,2,11,5,16,343,1340,,1683,269,1094,,1363,10130596,71721000,45105265
2025-06,484,120,00903-04841-00120,Rural Advancement Committee for Bangladesh (RAC-angladesh),121,1,5,1,6,146,1705,,1851,34,1196,,1230,2367512,1894000,5133107
2025-06,485,692,03012-02315-00692,Rural Advancement Committee (RAC),121,3,14,0,14,148,2007,,2155,124,1699,,1823,11720977,59378000,62103522
2025-06,486,262,01565-00555-00262,Rural Development and Welfare Foundation,121,10,43,3,46,186,6825,,7011,123,4706,,4829,90316081,324202000,201184886
2025-06,487,681,00097-02216-00681,Rural Development Associate (RDA),121,2,6,4,10,365,1468,,1833,320,1103,,1423,4194792,26900000,30871648
2025-06,488,374,00193-00028-00374,Rural Development Sangstha (RDS),121,45,269,129,398,299,57761,,58060,175,45715,,45890,544380395,3107402100,1945842331
2025-06,489,432,00964-00780-00432,Rural Economic Development Aid Society (REDAS),122,1,6,11,17,,2800,,2800,,1685,,1685,16484665,56773000,43501198
2025-06,490,412,00194-01983-00412,Rural Economic Development Program,122,5,11,7,18,418,2002,,2420,265,1344,,1609,11805845,27413000,29675046
2025-06,491,206,02453-02558-00206,Rural Economic Support & Care for the Under Privileged (RESCUE),122,9,53,5,58,,11662,,11662,,9342,,9342,61247203,527469000,288904659
2025-06,492,834,21112-01143-00834,Rural Environment Education And Economic Development Society (REEEDS),122,2,3,6,9,711,740,,1451,536,406,,942,3967604,23623000,14077058
2025-06,493,291,00773-00195-00291,Rural Health Education and Credit Organization (Rheco),122,20,24,0,24,2474,15016,,17490,1908,12166,,14074,157297030,,882084282
2025-06,494,26,01372-00199-00026,Rural Reconstruction Foundation,122,318,2403,277,2680,13568,265907,,279475,8056,202423,,210479,8911345837,24927392000,20011398291
2025-06,495,752,06616-04316-00752,Rural Reconstruction Society (R.R.S),122,1,4,2,6,88,1337,,1425,51,965,,1016,1614100,1474000,10336000
2025-06,496,640,00827-01334-00640,Rural Youth Development Organization (RYDO),122,2,15,3,18,458,2785,,3243,307,2062,,2369,28225748,83378000,63387616
2025-06,497,833,21112-00034-00833,S T R Foundation,123,1,4,2,6,195,1409,,1604,187,1271,,1458,13473630,54840000,38993793
2025-06,498,582,00784-00485-00582,Society Development Committee (SDC),123,3,7,3,10,15,1570,,1585,15,951,,966,19353849,36406000,35408833
2025-06,499,122,01117-02418-00122,Saat Ichchha Manabik Unnayan Sangstha (SIMUS),123,1,3,2,5,258,914,,1172,214,788,,1002,2241299,5501000,5708827
2025-06,500,224,00696-01519-00224,Sabalamby Unnayan Samity,123,20,62,4,66,452,7491,,7943,380,5875,,6255,76376262,264529000,169747134
2025-06,501,865,21112-00669-00865,SABUJ BANGLA ARTHO SAMAJIK UNNAYAN SANGSTHA,123,4,16,4,20,,3492,,3492,,2425,,2425,19701266,59031000,47349489
2025-06,502,205,05464-01825-00205,Sobuj Bangla,123,2,12,4,16,595,1011,,1606,368,840,,1208,17435219,49762000,42649603
2025-06,503,855,21112-01130-00855,Sabuj Bangla Jubo Kallan Sangstha (sbjks),123,1,4,1,5,308,716,,1024,304,702,,1006,1158850,7642000,4507106
2025-06,504,212,02461-01449-00212,Sachetan Society (SS),123,16,106,13,119,,16209,,16209,,11669,,11669,149531457,1081922056,424237534
2025-06,505,603,05041-02232-00603,SAGAR,123,2,5,4,9,350,1003,,1353,283,729,,1012,15177858,33021000,17453328
2025-06,506,117,00508-00062-00117,Sagarika Samaj Unnayan Sangstha (SSUS),124,66,524,87,611,6873,102461,,109334,5064,76768,,81832,2110844982,,4989310824
2025-06,507,301,02536-00744-00301,SAHAI- (Sesshashebi Pally Unnayan Sangstha),124,1,7,2,9,5,2162,,2167,,2140,,2140,4246175,42136000,16579045
2025-06,508,155,00251-00155(K)-155,Sajida Foundation (SF),124,385,3819,881,4700,52956,633152,,686108,30855,449624,,480479,14270180150,58990398000,36026552975
2025-06,509,6,03073-00100-00006,Samadhan,124,40,383,8,391,3231,41187,,44418,2432,31234,,33666,822624032,3460044000,2255105398
2025-06,510,838,21112-0809-00838,Samahar-Woman And Child Development Society (Samahar),124,4,39,4,43,179,4980,,5159,176,4821,,4997,45117890,149215000,129270822
2025-06,511,82,00729-00046-00082,Samaj Unnayan Kendra (SUK),124,17,92,10,102,1355,20328,,21683,930,14145,,15075,365045526,1670699000,1013648008
2025-06,512,890,32021-00353-00890,Somaj Unnayun Songstha (SDS),124,4,8,4,12,26,1409,,1435,9,1049,,1058,2484396,17771000,9761527
2025-06,513,830,21112-00240-00830,Samaj Unnayon Palli Sangstha (SDRS),124,3,11,0,11,55,882,,937,44,727,,771,1536545,3851000,11034603
2025-06,514,150,06113-01586-00150,Samajik Sheba Shongothon,124,124,816,138,954,2878,141179,,144057,362,102793,,103155,3477865895,8371077000,5520737398
2025-06,515,333,01573-00559-00333,Samakal Samaj Unnayan Sangstha (SSUS ),125,20,113,39,152,2381,19289,,21670,1885,15378,,17263,186154061,1126781500,805513650
2025-06,516,684,01967-01203-00684,Samannita Attonirvorsheel Samaj Unnyon Sangstha (SISDA),125,1,6,0,6,28,1256,,1284,28,1068,,1096,4017627,22345000,18141141
2025-06,517,758,02710-03494-00758,Samannita Jonokallyan Kendra (SJK),125,2,5,3,8,222,1087,,1309,196,782,,978,48266,,31788819
2025-06,518,51,01230-00434-00051,Samannita Unnayan Seba Sangathan (SUSS),125,10,68,4,72,190,13417,,13607,70,10062,,10132,102855855,614003000,381929314
2025-06,519,364,01466-03813-00364,Samata Unnyan Sangstha,125,1,8,2,10,122,1743,,1865,99,1027,,1126,12659477,34876000,27543825
2025-06,520,289,00615-03147-00289,Sammannita Samaj Unnayan Sangstha (ICDA),125,8,29,8,37,70,4573,1,4644,57,2970,1,3027,32399395,130972000,78051692
2025-06,521,619,00016-03290-00619,Sammilon Foundation (SF),125,5,14,6,20,339,1710,,2049,150,1306,,1456,32407451,67829000,40363663
2025-06,522,696,01645-04174-00696,Sanchayan Unnayan Sangstha (SUS),125,1,6,1,7,423,980,,1403,297,756,,1053,6082916,27112000,16373973
2025-06,523,857,21112-00362-00857,SANCO (Social Advancement Networking Community Organization),125,1,3,1,4,,1079,,1079,,1022,,1022,2311013,12353033,12253441
2025-06,524,54,00315-02052-00054,Sancred Welfare Foundation (SWF),126,28,,,0,,,,,,,,,,,
2025-06,525,409,02117-01261-00409,Sangkalpa Trust (ST),126,16,28,8,36,1738,3348,,5086,1188,2252,,3440,24349015,150163000,85430532
2025-06,526,188,03782-00958-00188,SANGRAM (Sangathita Gramunnyan Karmasuchi),126,50,321,49,370,10946,45663,,56609,8827,37490,,46317,499160142,3399137200,2072976525
2025-06,527,121,01884-02230-00121,Saptagram Nari Swanirvar Parishad,126,4,5,9,14,,1775,,1775,,1290,,1290,15610153,,52976682
2025-06,528,741,03394-01823-00741,Sathi Samaj Unnayan Sangstha,126,1,6,0,6,129,1129,,1258,121,915,,1036,5092511,13991000,13024310
2025-06,529,749,04532-02311-00749,Satkhira Manob Unnayan Sangstha,126,3,17,2,19,207,4786,,4993,113,3403,,3516,22107869,83078000,62053458
2025-06,530,225,00895-00696-00225,Satkhira Unnayan Sangstha (SUS),126,61,432,43,475,5147,65117,,70264,3833,45481,,49314,661424204,3502934000,2020480547
2025-06,531,904,32021-01031-00904,Satpai Somaj Kollan Songsta (SSKS),126,1,10,0,10,202,991,,1193,197,823,,1020,2436251,,11887539
2025-06,532,563,00175-02025-00563,Save Our Life,126,1,4,1,5,,569,,569,,369,,369,4998515,14812182,8878240
2025-06,533,896,32021-00611-00896,SAVE THE POOR,126,3,13,0,13,126,1623,,1749,99,1465,,1564,7839947,67078000,35450239
2025-06,534,229,03074-04616-00229,SDS (Shariatpur Development Society),127,91,483,187,670,1529,98733,,100262,1115,73699,,74814,1888144363,8735041000,5859698252
2025-06,535,688,05267-02974-00688,Seba Artha Samajik Unnayan Sangstha,127,3,13,4,17,244,2341,,2585,178,1694,,1872,13434643,46758000,83271993
2025-06,536,530,01689-01092-00530,Seba Environment Development Society,127,2,9,9,18,248,2104,,2352,137,1623,,1760,15404500,72455000,48025648
2025-06,537,835,21112-01126-00835,Seba Foundation,127,16,62,0,62,2573,3379,,5952,1891,2301,,4192,66071385,161062000,88596259
2025-06,538,822,21112-01018-00822,Seba Gram Unnayan Sangstha,127,1,18,0,18,779,774,,1553,597,577,,1174,1573890,26765400,20380180
2025-06,539,320,02821-04576-00320,SEBA- Social Edifi cation of Benign Assimilation Society (SEBA),127,3,6,8,14,198,1766,,1964,145,1296,,1441,8654795,16017000,19379022
2025-06,540,881,21112-00440-00881,Sebar Agrodrut (Ekati Samajik Unnayanamulaka Sanstha),127,1,8,2,10,93,1157,,1250,69,959,,1028,2468930,6842000,11817247
2025-06,541,814,21112-00509-00814,Seed Program of Grameen Society,127,17,48,30,78,1177,8359,,9536,892,5843,,6735,38108168,202824000,125719709
2025-06,542,880,21112-00468-00880,SEHED SOCIETY,127,15,25,7,32,4163,3250,,7413,2475,1854,,4329,1420042,,22259864
2025-06,543,768,21112-00125-00768,Sejuti Health & Education Development Foundation,128,2,5,0,5,,1288,,1288,,1050,,1050,3126332,26299000,12879032
2025-06,544,308,02630-02645-00308,Self-Help & Rehabilitation Programme (SHARP),128,40,326,88,414,2369,63037,,65406,1557,45377,,46934,418724153,2408211720,1565035192
2025-06,545,371,04086-04801-00371,Self-Employment for Rural Destitute Women Through Cottage industries (SERWTCI),128,17,12,5,17,,25855,,25855,,24727,,24727,21584544,19348000,137033218
2025-06,546,49,03033-03265-00049,SETU,128,99,359,81,440,14685,91446,,106131,9139,60153,,69292,945755000,4535967000,3095248767
2025-06,547,400,00608-01405-00400,Shahajira Mohila O Shishu Unnayan Sangstha,128,1,5,3,8,247,921,,1168,205,798,,1003,782013,6378000,10009923
2025-06,548,18,00176-00059-00018,Shakti Foundation for Disadvantaged Women (Shakti Foundation),128,563,3688,598,4286,10958,491657,72,502687,4721,389279,37,394037,13205424761,41618865500,29066847832
2025-06,549,526,02946-04128-00526,Shalom,128,24,43,33,76,,6830,,6830,,4873,,4873,49642506,152546000,107873960
2025-06,550,674,00760-01412-00674,Shamoli Polli Unnayan Sangstha,128,3,3,0,3,302,1245,,1547,242,862,,1104,12490325,62458000,37329278
2025-06,551,460,00926-01517-00460,Shanti Preyo Sangstha (spsorg),129,8,36,0,36,,3392,,3392,,2670,,2670,28856522,107934000,97740863
2025-06,552,464,00253-03651-00464,Shanti Uddyog Trust -SUT,129,,,,,,,,,,,,,,,
2025-06,553,53,05318-00561-00053,Shapla Gram Unnayan Sangstha,129,33,150,70,220,1970,32041,,34011,1519,26290,,27809,428800430,2868581000,1454464974
2025-06,554,196,01188-00449-00196,Shaplaful,129,,,,,,,,,,,,,,,
2025-06,555,426,00256-03650-00426,Shawdesh Unnayan Kendra-SUK,129,2,9,1,10,495,2232,,2727,427,1617,,2044,15880774,81603000,62750967
2025-06,556,718,05632-02919-00718,Shefali Mohila Kallayan Sango (smks),129,1,3,2,5,,1270,,1270,,1150,,1150,2417385,4007000,11058488
2025-06,557,893,32021-00011-00893,Shelter for Social Development (SSD),129,1,3,6,9,2069,,,2069,1836,,,1836,5531734,32991000,18176002
2025-06,558,678,02991-02053-00678,SHESO(Organization Of Social Health Education & Sanitation),129,4,18,12,30,45,11740,,11785,33,8217,,8250,60779764,154866500,88865636
2025-06,559,198,00188-00254-00198,Shetu Bangladesh,129,4,4,1,5,309,1787,,2096,72,443,,515,3991430,2808000,4807141
2025-06,560,63,01101-02096-00063,Sheva Nari O Shishu Kallyan Kendra,129,23,132,52,184,253,41311,,41564,171,32322,,32493,556113798,2085619000,1249317628
2025-06,561,668,01388-01705-00668,Shikha Samaj Kalyan Sangstha,130,2,3,0,3,165,1356,,1521,129,988,,1117,15306493,66618000,43187728
2025-06,562,468,02516-01291-00468,Shiropa Development Society,130,23,36,23,59,149,24692,,24841,65,22089,,22154,276437023,1555330000,1118928052
2025-06,563,1,05136-00895-00001,Shishu Niloy Foundation,130,85,643,62,705,11987,63049,,75036,8624,46215,,54839,2328378687,8274910000,6108056559
2025-06,564,216,01359-03407-00216,"Shishu Sasthya Foundation, Bangladesh",130,7,37,6,43,285,6101,,6386,220,5403,,5623,19958350,109864000,83207196
2025-06,565,207,01116-00072-00207,Shataphool Bangladesh,130,47,254,179,433,18,61273,,61291,,41936,,41936,619162626,3287849000,2012465815
2025-06,566,903,32021-00377-00903,Showpno Samaz Kallyan Songsta,130,1,,,0,,1201,,1201,,1087,,1087,4491116,23868000,14807780
2025-06,567,687,00818-01310-00687,Shusamaj Foundation,130,1,9,1,10,,1333,,1333,,946,,946,5837713,16081000,11062843
2025-06,568,38,00345-00075-00038,SHUSHILAN,130,15,48,30,78,1403,7642,,9045,1013,5366,,6379,57921097,206321000,155084609
2025-06,569,767,21112-00298-00767,SIAAM SHIKKHA O SHASTHO UNNAYAN FOUNDATION,130,,,,,,,,,,,,,,,
2025-06,570,790,21112-00483-00790,Sirajgonj Manab Kallan & Somaj Unnoan Songstha,131,2,3,0,3,60,1198,,1258,45,898,,943,7367360,29727000,22473529
2025-06,571,549,01742-01625-00549,Sisa Jubo Samaj Kallayan Sangstha,131,1,8,2,10,287,953,,1240,250,871,,1121,2473715,16056000,12251942
2025-06,572,45,01621-00534-00045,SKS Foundation,131,244,1629,298,1927,5399,297291,,302690,5077,267956,,273033,4591395208,20748374049,12504911402
2025-06,573,47,01300-00405-00047,Social Advancement Through Unity (SATU),131,107,594,82,676,7480,102886,66,110432,5340,78569,53,83911,2698821872,7030428000,4415135559
2025-06,574,316,04176-03569-00316,Social Advancement for People’s Liberation Agency (SAPLA),131,,,,,,,,,,,,,,,
2025-06,575,831,21112-00367-00831,Social Advancement Community Organization (SACO),131,1,3,1,4,,1011,,1011,,1002,,1002,1210215,,9062540
2025-06,576,537,00151-01548-00537,Social Advancement for Village Environment (SAVE),131,3,12,5,17,327,2265,,2592,185,1637,,1822,13847402,53633000,31397745
2025-06,577,44,00014-00052-00044,Social And Economic Enhancement Programme-Seep,131,35,200,35,235,4292,30560,,34852,2849,21975,,24824,415760807,1536704000,1014562599
2025-06,578,542,00952-00132-00542,Social Assistance and Rehabilitation for the Physically Vulnerable,131,16,123,18,141,498,24978,,25476,372,18932,,19304,378039926,1840090000,1005921210
2025-06,579,666,06990-02845-00666,Social Association for Future Establishment (SAFE),131,1,11,2,13,52,1086,,1138,28,1066,,1094,4905108,43065232,12073566
2025-06,580,889,32021-01497-00889,Social Association for People’s Livelihood Advancement (Shapla),132,2,11,2,13,303,1345,,1648,239,1200,0,1439,345496,16690867,23662149
2025-06,581,620,05948-03390-00620,Social Development Association - Comilla (SDA- Comilla),132,8,39,23,62,296,6387,,6683,215,4673,,4888,190444172,435240500,303836186
2025-06,582,531,06344-01621-00531,Social Development Association,132,8,32,8,40,,4045,,4045,,3063,,3063,31263541,68272000,83531931
2025-06,583,702,02703-01896-00702,Social Development Committee (SDC),132,5,9,0,9,385,2470,,2855,250,1750,,2000,9007500,46011000,31681578
2025-06,584,590,00845-01185-00590,Social Development Organization (SDO),132,2,14,0,14,132,2381,,2513,96,1928,,2024,28715033,135668000,86867304
2025-06,585,635,00946-04331-00635,Social Development Programme,132,4,11,2,13,,,,,,,,,,57408000,
2025-06,586,802,21112-00729-00802,Social Development Service (SDS),132,2,8,0,8,25,1467,,1492,9,798,,807,3496216,18883000,11745175
2025-06,587,88,01910-00250-00088,Social Earn Baking Advancement (SEBA),132,4,31,5,36,56,5427,,5483,35,4629,,4664,49301293,289343000,181494518
2025-06,588,743,02091-00494-00743,Social Equality for Effective Development (SEED),132,2,7,7,14,,1541,,1541,,1029,,1029,4600296,30148000,21277580
2025-06,589,846,21112-00403-00846,Social Organization For Poverty Alleviation (SOPAN),132,1,7,0,7,128,1049,,1177,71,676,,747,4656241,15075100,10619663
2025-06,590,215,00736-02038-00215,Social Organization for Voluntary Advancement (SOVA),133,1,10,1,11,,2041,,2041,,1464,,1464,14945396,63736000,37201322
2025-06,591,808,21112-01212-00808,SOCIAL PROGRESIVE SOCIETY,133,1,4,2,6,436,1100,,1536,280,920,,1200,5538397,8343000,12665075
2025-06,592,898,32021-00259-00898,Social Projection Committee,133,1,7,3,10,4,1210,1,1215,1,1104,1,1105,4066759,27978000,14651888
2025-06,593,803,21112-00002-00803,Social Safety Net Foundation,133,10,57,4,61,1141,2770,,3911,690,1858,,2548,69184825,503423000,324389567
2025-06,594,14,00161-00209-00014,Social Upliftment Society (SUS),133,50,332,39,371,195,52186,,52381,171,41100,,41271,789661295,3053557000,1934869148
2025-06,595,343,03665-02837-00343,Society Development Committee (SDC),133,110,739,214,953,7247,160186,,167433,4280,114369,,118649,3803783552,13386916000,9032391659
2025-06,596,283,05797-03838-00283,Society for Action Research and Development,133,15,61,21,82,1105,12749,,13854,857,9487,,10344,110361398,283961000,209327898
2025-06,597,319,05744-04167-00319,Society For Advancement Of Rural Areas (SARA),133,5,20,4,24,955,3677,,4632,730,2949,,3679,37069473,133910000,91341099
2025-06,598,154,01239-03336-00154,Society for Development Initiatives (SDI),133,119,699,107,806,7837,169392,,177229,5077,128940,,134017,3385876774,12285860000,8012732922
2025-06,599,465,00560-00262-00465,Society for Development of Self Reliance in Bangladesh,134,3,11,7,18,50,2429,,2479,30,1492,,1522,20333897,59716000,44420170
2025-06,600,509,01666-00838-00508,Society for Disadvantage Origins,134,,,,,,,,,,,,,,,
2025-06,601,111,01076-00719-00111,Society for Family Happiness & Prosperity,134,136,694,413,1107,1344,146099,,147443,694,93278,,93972,2480247275,6096537200,3754727982
2025-06,602,279,01874-02086-00279,Society for Project Implementation Research Evaluation & Training (SOPIRET),134,57,82,0,82,1042,53873,,54915,635,37062,,37697,921729781,3511610500,2169982335
2025-06,603,836,21112-00746-00836,Society for Research and Development Steps),134,2,5,0,5,132,811,,943,110,689,,799,4524268,29453000,18736942
2025-06,604,534,01278-03047-00534,Society for Social Advancement of Rural People,134,6,23,3,26,,5455,,5455,,4532,,4532,11653962,85326000,89261498
2025-06,605,367,01136-01051-00367,Society for Social Development and Economy (SSDE),134,,,,,,,,,,,,,,,
2025-06,606,25,00645-01002-00025,Society for Social Service,134,768,5597,1603,7200,28653,1132315,,1160968,17837,849492,,867329,26732227173,87611829000,47440721048
2025-06,607,738,03395-00446-00738,Society for UDDOG.,134,1,5,5,10,116,1360,,1476,84,1044,,1128,15405913,41929000,23814341
2025-06,608,500,06259-04852-00500,Society for Unhappy & Needy,134,1,4,3,7,723,686,,1409,551,520,,1071,5047159,35590000,22413961
2025-06,609,502,04785-04318-00502,Society For Urban And Rural Advancement,135,,,,,,,,,,,,,,,
2025-06,610,287,01151-00141-00287,Socio Economic Backing Association (SEBA),135,175,1373,299,1672,15866,264606,,280472,10825,195496,,206321,4123742595,15691892000,8858223304
2025-06,611,424,02168-04123-00424,Socio Economic Development Agency (SEDA),135,6,11,6,17,253,4002,,4255,181,3288,,3469,6927997,35135000,44974204
2025-06,612,532,01826-01668-00532,Socio Economic Health Education Organization,135,100,596,186,782,6986,138332,,145318,5688,110831,,116519,1281686613,5872326000,3655406892
2025-06,613,746,03845-04957-00746,Socio Economy Advancement Organization,135,1,6,4,10,6,1349,,1355,6,998,,1004,8375696,31161000,21690926
2025-06,614,11,01294-02087-00011,Sojag,135,13,152,41,193,9079,12368,,21447,6814,8373,,15187,861509792,1606335600,1310011154
2025-06,615,246,01402-00515-00246,SOLIDARITY,135,9,4,3,7,447,9227,,9674,398,5141,,5539,542130,4831000,22696152
2025-06,616,764,21112-00114-00764,Somaj Unnayan Karmo (SARK),135,1,5,,5,,1084,,1084,,102,,102,4758156,1250000,27741449
2025-06,617,594,01682-00678-00594,Somaj Unnoyan Karjocrom (SUK),135,2,9,2,11,30,1571,,1601,26,1135,,1161,7780745,52328000,34335118
2025-06,618,377,00203-00656-00377,Sonali Bhabishyat,135,3,11,4,15,171,2299,,2470,123,1620,,1743,11389884,42548000,36807150
2025-06,619,849,21112-00375-00849,Sonali Swapna Welfare Trust,136,,,,,,,,,,,,,,,
2025-06,620,765,21112-01180-00765,SONAR BANGLA POLLI UNNAYAN SANGSTHA,136,16,3,71,74,355,13790,,14145,231,11232,,11463,93805590,518440000,309231085
2025-06,621,60,01539-01289-00060,Social Organization for children & Nation (Soochana),136,3,15,3,18,133,1747,,1880,95,1225,,1320,9847400,76468555,45694191
2025-06,622,733,00124-00809-00733,Sopnil Bangladesh Foundation,136,1,5,1,6,623,959,,1582,440,602,,1042,4143335,9089000,7301447
2025-06,623,503,04014-03552-00503,Soul Foundation For Disadvantaged Women,136,4,11,16,27,,2761,,2761,,2155,,2155,14532772,62445000,37148006
2025-06,624,302,00452-03124-00302,South Asia Partnership Bangladesh (SAP-BD),136,26,141,35,176,2472,29153,,31625,1771,21155,,22926,253223221,1423665000,848059710
2025-06,625,895,32021-00057-00895,South Bangla Polli Sangstha,136,5,18,1,19,396,1993,,2389,325,1551,,1876,10653768,100126000,54298588
2025-06,626,693,00600-00238-00693,Sristy (SRISTY) SOCIETY FOR RURAL IMPROVEMENT AND STABILITY,136,1,6,2,8,229,1223,,1452,227,1216,,1443,3730745,2986100,7937003
2025-06,627,805,21112-00121-00805,SRISTY SAMAJIK UNNAYAN SANGSTHA,136,4,7,1,8,,1313,,1313,,1268,,1268,1311219,17249000,13899389
2025-06,628,239,00675-01941-00239,Srizony Foundation,137,67,263,48,311,3247,31141,,34388,2045,22326,,24371,346787189,1326342000,1022620642
2025-06,629,327,03227-00309-00327,Step Towards Empowerment of the Poor,137,9,47,18,65,219,7392,,7611,162,5436,,5598,70643382,230540000,165475464
2025-06,630,297,01996-00602-00297,Sthanio Unnayan Sangstha,137,4,20,2,22,1211,1856,,3067,945,1352,,2297,20645806,87943000,65670277
2025-06,631,476,03853-01807-00476,Stitching Land Ontwikkelings Project Bangladesh,137,6,20,12,32,764,4397,1,5162,580,2968,1,3548,41414388,180414000,109138342
2025-06,632,267,02373-04595-00267,Suchana Samaj Unnayan Sangstha,137,6,23,8,31,22,6609,,6631,8,4424,,4432,20535145,123280000,92352387
2025-06,633,41,00396-01811-00041,Support for Rural Advancement Society,137,27,64,8,72,1340,3912,,5252,836,2221,,3057,32090076,148162628,144173154
2025-06,634,698,05400-01060-00698,Supta Protiva Bikash Sangstha,137,2,10,2,12,240,1537,,1777,184,1083,,1267,11137256,54813000,40306970
2025-06,635,886,32021-00139-00886,Surjer Alo Jonokallayn Songstha (SPWO),137,1,7,3,10,241,1052,,1293,209,791,,1000,3160338,29700000,15777235
2025-06,636,751,02604-04329-00751,Surovi,137,2,3,2,5,45,530,,575,36,329,,365,2866443,8700000,8288069
2025-06,637,811,21112-00467-00811,Swadesh Sheba (SS),138,2,4,2,6,297,906,,1203,196,767,,963,1756477,4002000,6413658
2025-06,638,559,01259-00750-00559,Swadesh Unnayan Sangstha- Gopalgonj (SUSG),138,2,7,3,10,264,1620,,1884,193,1198,,1391,15390570,52462000,38963716
2025-06,639,608,00848-00578-00608,Swakalpa Society (Swakalpo),138,1,2,0,2,42,1316,,1358,24,1163,,1187,5856206,33555000,21885945
2025-06,640,311,00495-03562-00311,Swanirvar Bangladesh (SB),138,,,,,,,,,,,,,,,
2025-06,641,93,01547-00063-00093,Taltala Jubo Unnayon Sangothon (TYDA),138,3,6,0,6,234,834,,1068,234,769,,1003,2795981,6338500,7038597
2025-06,642,653,02370-00151-00653,Tarana Trust,138,2,9,7,16,411,2714,,3125,251,1955,,2206,34925204,115708000,64027142
2025-06,643,801,21112-01179-00801,Tarango Development Organization (TDO),138,,,,,,,,,,,,,,,
2025-06,644,523,01152-01809-00523,Training Assistance & Rural Advancement Non-Govt. Organization (Tarango),138,6,26,6,32,350,3811,,4161,249,2758,,3007,60349224,232891000,161614590
2025-06,645,699,01822-02985-00699,Technical Assistance For Rural Development,138,6,31,1,32,130,4067,,4197,99,2902,,3001,61797130,187815000,118900065
2025-06,646,621,00428-01937-00621,Tekshoi Unnayan Sangstha (TUS),138,12,16,32,48,752,14290,,15042,510,10054,,10564,88933801,169278000,142476328
2025-06,647,550,01921-04875-00550,Thanapara Swallows Development Society,139,1,14,6,20,245,2436,,2681,245,2436,0,2681,6397987,12151500,16271416
2025-06,648,434,00749-00516-00434,The Coastal Rural and Urban Poor Development Association (The Crupda),139,1,7,4,11,348,523,,871,154,192,,346,,3865000,11019572
2025-06,649,376,04540-04427-00376,"The Garo Baptist Convention Christian Health Project, Joyramkura",139,6,7,5,12,1199,1871,,3070,1018,1079,,2097,4940948,1151000,18615355
2025-06,650,318,02255-03093-00318,The Institute of Rural Development-IRD,139,,,,,,,,,,,,,,,
2025-06,651,105,00704-00470-00105,TMSS,139,1022,7779,1410,9189,178192,1636085,,1814277,150230,1399207,,1549437,27392487542,103614042500,64445602464
2025-06,652,521,00803-00269-00521,Tribedi Mahila Samaj Unnayan Sangstha,139,3,8,2,10,,1393,,1393,,1115,,1115,14170545,32850000,28320662
2025-06,653,858,21112-00344-00858,Trishna Samaj Kallyan Sangstha,139,1,4,10,14,25,1234,,1259,22,1057,,1079,4436100,23814000,14611126
2025-06,654,587,01714-01452-00587,Udayan Samity (US),139,1,3,0,3,198,1177,,1375,140,845,,985,8173206,20639000,16122551
2025-06,655,577,01027-03176-00577,Udayan Sangstha,139,1,2,4,6,186,828,,1014,171,539,,710,4615077,23920000,14529499
2025-06,656,567,01739-03593-00567,Uddyaog Foundation,139,3,4,0,4,180,1000,,1180,200,600,,800,803467,8966000,6714175
2025-06,657,165,00389-00173-00165,Udoy (Akti SamajKallyanmulak Protisthan,140,7,6,2,8,101,2936,,3037,77,2105,,2182,5492798,1670000,18677165
2025-06,658,415,01868-02583-00415,UJAN (Akti Manab Kallyan Sangstha),140,1,6,4,10,473,284,,757,266,210,,476,20269988,12233906,25419251
2025-06,659,641,02322-03132-00641,Ulashi Sreejony Sangha (USS),140,,,,,,,,,,,,,,,
2025-06,660,3,00123-00848-00003,United Development Initiatives for Programmed Actions-(UDDIPAN),140,931,4226,1826,6052,65529,842356,,907885,45649,629074,,674723,15329818465,41505685000,27972544089
2025-06,661,435,00772-03919-00435,United Social Human Advancement Foundation (USHA),140,50,166,103,269,1372,48874,,50246,419,41553,,41972,497517057,865674030,980186571
2025-06,662,891,32021-01913-00891,Unity for Peace-Building & Socio Economic Advancement for the Marginalized (UPSAM),140,3,7,4,11,44,1145,,1189,44,821,,865,2841092,21693000,15377033
2025-06,663,714,03049-01437-00714,Universal Social Helping Association (USHA),140,1,4,1,5,120,622,,742,55,480,,535,2978915,,11584031
2025-06,664,744,04072-03936-00744,Unmesh,140,1,10,0,10,612,740,,1352,470,540,,1010,21623253,34138000,27415398
2025-06,665,57,01403-01118-00057,Unnayan Prochesta (UP),140,22,165,15,180,2378,32473,,34851,1960,22687,,24647,256695778,2445845000,963494711
2025-06,666,329,01164-02190-00329,Unnayan Sahayak Sangstha (USS),141,6,37,7,44,338,13020,,13358,303,9940,,10243,52102835,331237000,143106848
2025-06,667,92,05225-02132-00092,Unnayan Sangha (US),141,10,14,6,20,132,3228,,3360,80,2316,,2396,19651452,56236000,36995319
2025-06,668,113,01224-00043-00113,UNNAYAN,141,35,148,130,278,5239,37752,,42991,4096,24450,,28546,241127576,1248133000,929148413
2025-06,669,484,02266-01415-00484,USHA,141,7,29,5,34,415,5915,,6330,267,4223,,4490,38918265,145437000,83048289
2025-06,670,632,01700-00203-00632,USHA BANGLADESH,141,2,7,0,7,15,643,,658,10,571,,581,1839673,8453000,6114833
2025-06,671,885,32021-00131-00885,Utsorgo Manob Kallayn Songstha,141,1,6,0,6,391,709,,1100,372,663,,1035,2041988,34000000,17211772
2025-06,672,85,03747-00981-00085,Uttara Development Program Society (UDPS),141,108,542,66,608,110,77406,,77516,,64137,,64137,1192778699,4939899000,3337090339
2025-06,673,277,01366-02704-00277,Uttaran,141,29,85,34,119,297,22172,,22469,297,18131,,18428,147568451,197348000,322591102
2025-06,674,564,04370-02938-00564,Uttarayan Janakallyan Mohila Samity (UJMS),141,,,,,,,,,,,,,,,
2025-06,675,853,21112-00357-00853,VARSA,142,1,0,0,0,413,1267,,1680,379,961,,1340,5997153,25484000,18123878
2025-06,676,351,00287-00086-00351,Village & City Development Society,142,21,10,106,116,3353,24757,,28110,2502,17178,,19680,351597744,463984000,450009373
2025-06,677,152,00139-01172-00152,Village Association for Social Development (VASD),142,4,14,10,24,,,,,,,,,,25703000,
2025-06,678,211,02229-00803-00211,Village Development Foundation (VDF),142,7,33,6,39,543,4418,,4961,397,3146,,3543,16989890,33185000,40299370
2025-06,679,17,01275-00523-00017,Village Education Resource Center (VERC),142,136,654,166,820,78,104580,,104658,28,76650,,76678,1705949632,8213628000,5280214289
2025-06,680,665,01304-00730-00665,Voluntary Activities for Social & Human Advancement Foundation,142,3,13,17,30,,4390,,4390,,3984,,3984,37411286,150526000,99012304
2025-06,681,338,00010-00891-00338,Voluntary Association for Rural People,142,8,24,15,39,114,3086,,3200,37,2188,,2225,18788726,100726000,62700198
2025-06,682,230,01743-04193-00230,Voluntary Organization for Rural Development (VORD),142,4,3,4,7,,1017,,1017,,901,,901,2692799,7600000,8309950
2025-06,683,235,05910-03762-00235,Voluntary Organization for Social Development (VOSD),142,24,113,106,219,415,34327,,34742,415,30728,,31143,27769225,688746000,470453252
2025-06,684,243,00029-00197-00243,VPKA Foundation,143,17,86,30,116,5,27142,,27147,3,19326,,19329,158425083,1036068000,624091978
2025-06,685,23,04908-00607-00023,Wave Foundation,143,144,830,189,1019,3200,169641,,172841,2095,139720,,141815,2015888262,11954478000,8016409927
2025-06,686,656,04902-02805-00656,Women Job Creation Centre,143,2,5,5,10,,1291,,1291,,896,,896,3691081,10387000,10618881
2025-06,687,386,00036-03978-00386,World Concern Bangladesh,143,29,56,79,135,313,21106,,21419,219,14612,,14831,185801265,838033000,548584681
2025-06,688,104,00624-01711-00104,Young Economic Society (YES),143,10,7,13,20,,2853,,2853,,2593,,2593,57439621,15370840,88223636
2025-06,689,335,00299-01249-00335,Young Power in Social Action (YPSA),143,76,419,173,592,3125,94150,,97275,2072,63765,,65837,1263915132,5498768000,3394393063
2025-06,690,551,04978-00711-00551,Young Women’s Christian Association of Bangladesh (YWCA),143,13,27,70,97,2863,14918,,17781,2204,9483,,11687,238140116,436427700,393959128
2025-06,691,734,00056-01720-00734,Youth Initiative For Socio-Economic Activity,143,3,6,11,17,79,2028,,2107,59,1443,,1502,10460479,39615000,30552091
2025-06,692,337,00599-00018-00337,Zagoroni,143,4,20,4,24,362,3412,,3774,355,2424,,2779,72013241,163710000,111093518
2025-06,693,818,21112-00702-00818,Zilik Foundation (ZF),143,3,5,6,11,685,1325,,2010,482,963,,1445,1881370,1110135750,7825176
