edition,serial,license_no,license_printed,name,page,saving_cost_ratio,borrowing_cost_ratio,total_financial_cost_ratio,general_admin_cost_ratio,total_operating_cost_ratio
2025-06,1,792,21112-01012-00792,Abalamban,172,1.45,0.72,2.17,11.05,13.22
2025-06,2,529,03722-03365-00529,Abdul Hai Zahura Welfare Foundation,172,1.19,,1.19,12.92,14.1
2025-06,3,244,00584-01897-00244,Access Toward Livelihood and Welfare Organization (ALWO),172,1.01,2.36,3.37,10.06,13.43
2025-06,4,894,32021-00881-00894,Action for Community Development,172,0.97,3.66,4.63,11.85,16.48
2025-06,5,265,00684-02909-00265,ACTION FOR HUMAN DEVELOPMENT ORGANIZATION AHDO,172,3.06,1.42,4.47,12.44,16.91
2025-06,6,130,02008-02954-00130,Association for Development Activity of Manifold Social Work (ADAMS Foundation),172,1.11,,1.11,10.07,11.18
2025-06,7,406,01863-00447-00406,Adarsho Manob Kallyan Sangha,172,1.39,2.19,3.58,11.91,15.49
2025-06,8,96,01730-00149-00096,Ad-din Welfare Centre (Ad-din),172,1.95,3.98,5.93,11.84,17.77
2025-06,9,79,00091-00396-00079,Association of Development for Economic & Social Help (ADESH),172,2.63,6.37,9.0,11.65,20.64
2025-06,10,73,01865-02314-00073,ADRSO Shomaj Kallyan Sangstha (ADRSO),172,1.43,2.43,3.87,10.27,14.14
2025-06,11,753,05060-04245-00753,Advanced Society for Any Research & Active Life Oriented Work,172,1.35,4.34,5.69,9.17,14.86
2025-06,12,876,21112-00060-00876,Adventist Development and relief Agency ADRA Bangladesh,172,1.15,,1.15,15.53,16.68
2025-06,13,837,21112-01214-00837,Agamir Shwapno (AS),172,0.41,3.14,3.55,7.43,10.98
2025-06,14,672,00648-01479-00672,Agragati Seba Sangstha (A S S),172,0.37,9.77,10.15,15.09,25.24
2025-06,15,189,05774-00474-00189,Agragati,172,1.29,3.03,4.31,10.84,15.15
2025-06,16,727,07086-04175-00727,AGROGAMI UNNAYAN SANGASTHA(AGROGAMI),172,4.39,1.14,5.53,8.88,14.41
2025-06,17,276,01180-01615-00276,Ahead Social Organization (ASO),172,1.71,3.64,5.34,9.95,15.29
2025-06,18,32,01493-01429-00032,Action in Development (AID),172,0.29,,0.29,4.68,4.97
2025-06,19,401,03092-01106-00401,Akota Samaj Unnayan Kenddra (ASUK),172,1.28,,1.28,10.32,11.61
2025-06,20,663,00597-00726-00663,Al Kariem Shikkha O Paribesh Unnayan Foundation,172,2.06,,2.06,14.93,16.99
2025-06,21,571,00688-00122-00571,ALAP- Association for Landless and Poor,172,1.88,2.2,4.07,11.3,15.37
2025-06,22,177,00339-03482-00177,Al-Falah Aam Unnayan Sangstha (AFAUS),172,2.93,0.51,3.44,17.14,20.58
2025-06,23,845,21112-00075-00845,Allokito gram (aggra),172,,0.45,0.45,8.07,8.52
2025-06,24,108,03260-01158-00108,Aloha Social Services Bangladesh (ASSB),172,1.5,0.89,2.39,10.6,12.99
2025-06,25,859,21112-00080-00859,ALOK BANGLA (An Initiative to Promote People’s Self-Help),172,1.42,7.33,8.76,9.26,18.01
2025-06,26,824,21112-00187-00824,Alor Disha Foundation,172,1.85,1.49,3.34,12.13,15.47
2025-06,27,789,21112-00792-00789,Alor Dishari Mohila Unnayan Sangstha,173,1.32,1.63,2.95,11.84,14.79
2025-06,28,671,04781-01544-00671,Alor Nir Somity (A N S),173,3.96,1.14,5.1,10.94,16.05
2025-06,29,597,04066-00937-00597,Alor Pothe (AP),173,3.55,0.7,4.25,5.66,9.9
2025-06,30,303,00711-00027-00303,Alternative Development Initiative (ADI),173,2.77,3.3,6.07,10.65,16.72
2025-06,31,86,00350-01308-00086,Ambala Foundation,173,5.49,4.09,9.58,10.79,20.37
2025-06,32,344,00136-00610-00344,AMDA Health & Environment Development Society,173,3.36,1.34,4.7,18.71,23.42
2025-06,33,856,21112-00044-00856,AMENA Foundation (A.F),173,1.57,,1.57,10.04,11.61
2025-06,34,778,21112-00215-00778,AMITY MANOB UNNAYAN SANGSTHA,173,1.98,2.58,4.56,9.14,13.7
2025-06,35,661,01613-01081-00661,Amra Kaj Kory(AKK),173,1.63,3.04,4.67,13.02,17.69
2025-06,36,232,02060-01912-00232,Anando,173,1.29,,1.29,16.14,17.43
2025-06,37,637,00846-01064-00637,Ancholic Polli Unnayan Sangstha (APUS),173,1.02,3.09,4.11,11.19,15.3
2025-06,38,294,00701-00968-00294,Anirban Samaj Unnayan Sangstha,173,2.73,0.15,2.88,7.52,10.39
2025-06,39,298,00353-02761-00298,Annaya Samaj Kallyan Sangstha (ASKS),173,10.27,0.84,11.11,16.99,28.11
2025-06,40,321,00669-03433-00321,Ansar Ali Foundation for Integrated Development (AAFID),173,1.46,1.91,3.37,10.99,14.36
2025-06,41,829,21112-00498-00829,Apon (Artho Samajik Unnyon Songstha),173,1.62,6.92,8.54,17.19,25.73
2025-06,42,405,02814-03211-00405,ARS-Bangladesh (ARS-BD),173,1.68,6.04,7.73,11.25,18.98
2025-06,43,466,00886-02685-00466,Artha-Samajik o Paribesh Unnayan Sangstha,173,2.46,0.69,3.16,10.97,14.13
2025-06,44,100,00470-00538-00100,ASA,173,2.77,0.04,2.82,11.85,14.67
2025-06,45,200,00609-01019-00200,Ashrai,173,1.43,7.85,9.28,12.53,21.81
2025-06,46,199,00178-00261-00199,ASPADA Paribesh Unnayan Foundation,173,4.43,4.98,9.41,16.25,25.67
2025-06,47,127,01173-01986-00127,Assistance for Social Organization and Development -ASOD,173,0.16,,0.16,4.98,5.14
2025-06,48,576,00752-00253-00576,Assistance for the Livelihood of the Origins (ALO),173,,,,11.57,11.57
2025-06,49,102,01672-00390-00102,Association for Advancement & Development,173,0.97,6.46,7.43,5.89,13.32
2025-06,50,146,00429-00140-00146,Association for Integrated Development-Comilla (AID-Comilla),173,2.53,3.26,5.79,14.25,20.04
2025-06,51,812,21112-00537-00812,Association for Peoples Development Stream (APDS),173,1.19,2.1,3.3,18.23,21.53
2025-06,52,66,01482-00179-00066,Association For Realisation of Basic Needs-ARBAN,173,3.24,2.1,5.34,18.88,24.22
2025-06,53,56,00307-02179-00056,Association for Renovation of Community Health Education Services (ARCHES),174,3.17,2.58,5.76,14.0,19.75
2025-06,54,42,02015-00479-00042,Association for Rural Advancement in Bangladesh (ARAB),174,1.14,0.54,1.68,13.03,14.71
2025-06,55,593,01234-03143-00593,Association for Social Development (A.S.D),174,2.06,2.31,4.37,7.77,12.13
2025-06,56,447,02471-01868-00447,Association for Social Development,174,2.81,3.93,6.74,9.59,16.33
2025-06,57,164,00104-03016-00164,Association for Socio-Economic Advancement of Bangladesh (ASEAB),174,2.18,2.23,4.42,12.29,16.71
2025-06,58,58,00527-00392-00058,Association for Under-Privileged People-AUP,174,2.19,2.96,5.15,11.6,16.75
2025-06,59,436,01457-00321-00436,Association for Women Empowerment and Child Right’s (AWAC),174,2.76,1.2,3.96,11.9,15.86
2025-06,60,754,03416-01262-00754,Association of Workers for Alternative Rural Development (AWARD),174,1.31,,1.31,7.29,8.6
2025-06,61,34,00969-00226-00034,ATMABISWAS,174,1.61,5.94,7.55,9.98,17.53
2025-06,62,134,00245-02077-00134,Aungkur Palli Unnayan Kendra,174,2.26,2.36,4.63,11.89,16.52
2025-06,63,326,00244-00343-00326,Jugabani Samaj Kallayan Sangstha (JSKS),174,4.49,2.35,6.84,12.42,19.26
2025-06,64,325,02676-02019-00325,Aushgara Unnayan Sangstha,174,3.08,0.51,3.6,9.32,12.92
2025-06,65,470,05305-00792-00470,AVA Development Society,174,0.95,2.59,3.54,11.53,15.07
2025-06,66,673,04782-01547-00673,BADHAN GRAM UNNAYAN FOUNDATION,174,1.5,0.32,1.82,12.4,14.22
2025-06,67,12,00198-00021-00012,Bajitpur Rural Advancement Society (BRAS),174,2.16,2.91,5.07,15.68,20.76
2025-06,68,682,00983-00016-00682,Bakergonj Forum,174,3.86,0.39,4.25,51.37,55.62
2025-06,69,395,00331-01733-00395,Banaful Social Welfare Organization (BSWO),174,4.28,1.28,5.56,10.41,15.97
2025-06,70,892,32021-00245-00892,Bachar Thikana Unnoyon Songstha,174,1.16,,1.16,16.14,17.3
2025-06,71,879,21112-00285-00879,Banchte Chai Samaj Unnayan Songstha (BSDO),174,0.83,,0.83,10.11,10.94
2025-06,72,328,03446-01309-00328,Banchte Shekha (BS),174,2.25,6.73,8.98,7.68,16.66
2025-06,73,410,02535-00745-00410,Bandhan Sangstha,174,1.05,0.02,1.07,10.91,11.98
2025-06,74,305,01490-00330-00305,Bandhu Kallyan Foundation,174,1.9,2.85,4.75,11.41,16.16
2025-06,75,445,02839-00454-00445,Bangio Gonounnayan samity (BGS),174,1.45,1.0,2.46,9.88,12.34
2025-06,76,685,01740-01729-00685,Bangladesh Agricultural Working Peoples Association (BAWPA),174,1.35,0.92,2.28,9.77,12.05
2025-06,77,560,00291-02364-00560,Bangladesh Association for Community Education (BACE),175,2.25,0.65,2.9,12.08,14.98
2025-06,78,431,05518-04426-00431,Bangladesh Association for Sustainable Development (BASD),175,1.48,,1.48,23.49,24.97
2025-06,79,355,03160-02702-00355,Bangladesh Development Society (BDS),175,1.73,5.24,6.97,10.56,17.54
2025-06,80,263,00572-02517-00263,Bangladesh Extension Education Services (BEES),175,3.52,6.24,9.76,8.76,18.52
2025-06,81,866,00171-00155-00866,Bangladesh Fellowship Foundation,175,1.94,,1.94,12.63,14.57
2025-06,82,458,03072-01354-00458,Bangladesh Grameen Seba Sangstha,175,1.86,6.55,8.41,9.99,18.4
2025-06,83,739,01191-02411-00739,BANGLADESH HEALTH AND EDUCATION DEVELOPMENT SOCIETY,175,3.7,2.53,6.23,10.5,16.73
2025-06,84,340,02908-03316-00340,Bangladesh Ignite Youth Society (BIYS),175,3.07,4.13,7.2,17.25,24.45
2025-06,85,84,00015-00125-00084,Bangladesh Institute of Research & Development (BIRD),175,3.27,4.13,7.4,11.41,18.81
2025-06,86,486,00719-00077-00486,Bangladesh JanaKallyan Songstha,175,0.06,0.66,0.71,13.04,13.75
2025-06,87,562,01650-02256-00562,Bangladesh Palli Unnayon Foundation (B. P. D. F),175,0.74,,0.74,11.32,12.05
2025-06,88,234,02798-00553-00234,Bangla-German Sampreeti (BGS),175,3.2,1.73,4.93,16.47,21.4
2025-06,89,354,04153-01588-00354,Banglar Mela Sangstha (BMS),175,0.85,8.92,9.77,9.18,18.95
2025-06,90,543,01491-00102-00543,Benupur Nayapara Janoseba Sangstha (BNJS),175,3.51,0.27,3.78,12.11,15.89
2025-06,91,832,21112-00670-00832,BARAL foundation for environment & sustainable development,175,1.94,2.67,4.61,17.04,21.65
2025-06,92,861,21112-00161-00861,Barendra Development Organization (BDO),175,1.56,,1.56,11.63,13.19
2025-06,93,796,21112-00573-00796,Barendra Economic Development Organization (BEDO),175,2.68,3.9,6.58,13.37,19.96
2025-06,94,40,01570-00073-00040,Barendrabhumi Samaj Unnyan Sangstha (BSDO),175,1.39,1.44,2.83,11.99,14.82
2025-06,95,46,00377-00115-00046,BASA Foundation,175,2.21,5.05,7.25,12.92,20.17
2025-06,96,483,00131-02952-00483,Basoti Shomaj O Poribesh Unnayon Foundation (Basoti),175,2.78,2.78,5.55,14.45,20.01
2025-06,97,330,00829-02739-00330,BASCO Foundation,175,1.38,2.69,4.07,10.26,14.33
2025-06,98,888,32021-00521-00888,BASONA JANAKALYAN SANGSTHA (BJS),175,1.07,8.6,9.67,9.98,19.65
2025-06,99,781,21112-00018-00781,Basic Aid for Local Action King Association (BALAKA),175,2.03,1.91,3.94,8.97,12.9
2025-06,100,80,01132-00227-00080,Basic Organization Network for Development and Humanitarian Aid for Nation (BONDHAN),175,2.59,4.86,7.45,12.26,19.71
2025-06,101,346,01029-00170-00346,Bastob- Initiative for Peoples Self Development,176,4.31,4.71,9.02,8.67,17.69
2025-06,102,16,00558-00067-00016,BEDO,176,2.3,3.43,5.73,12.57,18.3
2025-06,103,644,01612-01383-00644,Benefi ciary’s Friendship Forum (B.F.F),176,2.8,4.35,7.14,15.17,22.32
2025-06,104,528,05346-03315-00528,Bhagya Unnayan Shangstha,176,1.83,4.39,6.23,12.91,19.14
2025-06,105,869,21112-00172-00869,Bhorer Alo Sheba Sangstha,176,0.49,,0.49,2.83,3.32
2025-06,106,479,03223-02173-00479,Bhumija Foundation,176,2.21,3.5,5.71,13.75,19.47
2025-06,107,70,00454-00263-00070,BIVA,176,2.39,1.55,3.95,14.36,18.3
2025-06,108,296,01626-00704-00296,Blind Education and Rehabilitation Development Organization (BERDO),176,2.01,1.18,3.2,6.47,9.67
2025-06,109,379,00044-00204-00379,BNPS Microfi nance Trust,176,2.43,1.48,3.91,12.53,16.44
2025-06,110,704,01778-01571-00704,"Bongram Samajik Unnayn Sangstha (B,S,U,S)",176,1.54,6.95,8.49,20.58,29.07
2025-06,111,65,00488-00186-00065,BRAC,176,5.1,0.72,5.82,10.35,16.17
2025-06,112,19,00280-00080-00019,Bridge M.F.I,176,0.15,,0.15,3.82,3.96
2025-06,113,875,21112-00269-00875,Brotee Samaj Kallyan Sangstha,176,1.75,3.18,4.93,9.53,14.46
2025-06,114,288,00004-00394-00288,BURO Bangladesh,176,2.75,3.86,6.62,10.97,17.58
2025-06,115,184,00032-00286-00184,CARITAS Bangladesh,176,2.16,1.06,3.22,10.96,14.18
2025-06,116,10,01834-00654-00010,CARSA Foundation,176,3.12,2.21,5.33,10.67,16.0
2025-06,117,610,01912-00886-00610,CDO (Community Development Organization),176,0.5,2.81,3.31,4.67,7.98
2025-06,118,361,00929-04366-00361,CEDAR (Concern for Environmental Development and Research),176,1.3,2.11,3.41,23.15,26.57
2025-06,119,583,02593-01229-00583,Center for Rural Service Society (C.R.S.S),176,1.03,5.78,6.81,10.27,17.08
2025-06,120,170,02047-00565-00170,Centre for Action Research-Barind (CARB),176,1.55,7.15,8.7,12.53,21.24
2025-06,121,221,00826-00499-00221,Centre for Advanced Research and Social Action,176,2.13,2.43,4.56,9.13,13.69
2025-06,122,245,01032-01788-00245,Centre for Community Development Assistance (CCDA),176,2.34,3.5,5.84,7.93,13.77
2025-06,123,97,00341-00727-00097,Centre for Development Innovation and Practices,176,2.74,3.21,5.95,9.55,15.5
2025-06,124,322,02522-03607-00322,Centre for Development Services (CDS),176,0.82,,0.82,12.08,12.9
2025-06,125,624,03812-00620-00624,Centre for Integrated Programme & Development (CIPD),176,,2.72,2.72,19.31,22.03
2025-06,126,365,01425-00165-00365,Centre for Mass Education in science,176,1.39,1.53,2.92,15.6,18.51
2025-06,127,112,00990-01573-00112,Centre for Natural Resource Studies,177,2.3,0.81,3.11,11.57,14.68
2025-06,128,358,01079-03171-00358,Centre for Rehabilitation Education Earning Development (CREED),177,5.1,0.01,5.12,10.62,15.73
2025-06,129,723,05555-01006-00723,Chaltya Shekha,177,2.06,,2.06,11.12,13.18
2025-06,130,788,21112-00109-00788,Chandpur Socio-Economic Development Organization,177,2.22,2.24,4.47,11.44,15.91
2025-06,131,13,01342-00771-00013,Charcha,177,3.12,0.11,3.23,11.95,15.18
2025-06,132,780,21112-00433-00780,Chetona Manobik Unnayan Sangstha,177,1.18,0.14,1.31,15.83,17.14
2025-06,133,662,05619-01326-00662,Chatihati Nabo Uddipon Songgo,177,0.57,4.3,4.87,13.81,18.68
2025-06,134,98,00074-00002-00098,CHIRONTONI,177,2.21,3.57,5.78,14.46,20.25
2025-06,135,295,02636-03667-00295,Christian Commission for Development in Bangladesh,177,3.39,0.75,4.14,10.05,14.19
2025-06,136,129,02578-01977-00129,Christian Service Society,177,1.89,0.98,2.87,14.08,16.95
2025-06,137,506,00996-00096-00506,CLOG (Children Life Organization of Genus),177,1.23,0.16,1.39,8.89,10.29
2025-06,138,68,00956-04041-00068,COAST Foundation,177,2.29,3.03,5.33,10.87,16.19
2025-06,139,217,00512-00608-00217,Come to Work-CTW,177,1.59,2.09,3.67,10.93,14.6
2025-06,140,214,02257-03643-00214,Community Development And Health Care Centre (CDHC),177,1.72,2.0,3.72,10.2,13.92
2025-06,141,103,01781-00048-00103,Community Development Centre (CODEC),177,1.78,2.18,3.96,8.99,12.95
2025-06,142,806,21112-00153-00806,Community Development Society (CDS),177,1.12,3.39,4.51,12.06,16.57
2025-06,143,55,01140-00202-00055,Community Health Care Project (CHCP),177,,,,19.01,19.01
2025-06,144,871,21112-00893-00871,COUNTRY AND HUMAN DEVELOPMENT SOCIETY (CHDS),177,4.72,1.47,6.19,8.22,14.41
2025-06,145,555,01509-00458-00555,Crescent,177,2.43,2.17,4.6,8.26,12.86
2025-06,146,862,21112-00195-00862,DABI (Daridra Bimochon),177,2.13,0.01,2.14,18.2,20.34
2025-06,147,21,00947-00710-00021,Dabi Moulik Unnayan Sangstha,177,2.51,2.67,5.18,10.59,15.77
2025-06,148,237,01121-00835-00237,Dak Diye Jai,177,2.34,3.53,5.86,11.74,17.6
2025-06,149,747,00109-02243-00747,DAM FOUNDATION FOR ECONOMIC DEVELOPMENT,177,1.69,4.96,6.66,9.7,16.36
2025-06,150,266,00791-01632-00266,Daridra Bimochon Shangstha (DBS),177,1.58,3.37,4.94,15.02,19.96
2025-06,151,729,03933-03378-00729,Daridro & Paribash Unnaon Society,177,3.08,,3.08,5.77,8.85
2025-06,152,810,21112-00368-00810,DESH DEVELOPMENT CENTER (DDC),177,1.84,2.25,4.09,15.59,19.68
2025-06,153,804,21112-00163-00804,DESH FOUNDATION,178,0.83,1.62,2.44,17.65,20.1
2025-06,154,141,00590-00236-00141,Desha Shechchashebi Artho-Samajik Unnayan O Manobik Kallyan Sangstha,178,1.8,3.6,5.39,11.29,16.69
2025-06,155,775,21112-00296-00775,Deshari Unnayan Sangstha,178,1.63,2.36,3.98,11.27,15.26
2025-06,156,250,00369-00813-00250,Development for Society,178,4.32,1.4,5.72,12.7,18.42
2025-06,157,724,03016-00167-00724,Development Activities of Society-DAS,178,0.92,3.71,4.63,4.08,8.7
2025-06,158,24,01306-00480-00024,Development Initiative for Social Advancement (DISA),178,3.02,7.09,10.11,11.22,21.33
2025-06,159,791,21112-01034-00791,Development Initiative for Human Advancement (DIHA),178,1.97,3.72,5.7,14.54,20.23
2025-06,160,241,02026-02628-00241,Development of Integrated for Social Association - DISA,178,1.42,,1.42,28.46,29.89
2025-06,161,185,01795-01411-00185,Development Organisation of the Rural Poor (DORP),178,1.19,6.59,7.78,14.15,21.93
2025-06,162,491,06028-02305-00491,Development Organization of Rural Peoples (DOORP),178,2.53,1.16,3.69,7.74,11.42
2025-06,163,787,21112-00190-00787,DHAKA PALLI SHEBA SANGSTHA,178,1.24,0.86,2.1,6.14,8.24
2025-06,164,655,03909-02115-00655,Dharani Samaj Kallayan Sangstha,178,2.68,0.68,3.36,9.77,13.13
2025-06,165,816,21112-00512-00816,"DHAU HEALTH, EDUCATION & ENVIRONMENT DEVELOPMENT SOCIETY",178,2.56,0.82,3.38,15.88,19.25
2025-06,166,770,21112-00126-00770,Diganta Foundation,178,1.18,0.97,2.15,5.75,7.9
2025-06,167,251,00656-01009-00251,Diganta,178,3.25,6.4,9.64,13.07,22.71
2025-06,168,868,21112-00200-00868,Dinajpur Polli Unnayan Prochesta (D.P.U.P),178,1.52,3.68,5.2,8.19,13.39
2025-06,169,349,00681-04542-00349,"DIPSHIKHA Non-Formal Education, Training and Research Society for Village Development",178,1.38,1.99,3.36,13.2,16.57
2025-06,170,631,01537-03317-00631,Dipti Foundation,178,0.34,5.78,6.13,12.71,18.84
2025-06,171,821,21112-00378-00821,DIPTI SHOMAJ UNNOYAN SANGSTHA,178,0.83,0.77,1.6,8.39,9.99
2025-06,172,694,00732-03883-00694,Disa Bangladesh,178,3.71,3.38,7.09,10.31,17.41
2025-06,173,882,21112-00040-00882,Disable Development & Educational Foundation (DDEF),178,0.75,3.37,4.12,9.73,13.85
2025-06,174,220,01284-00322-00220,Doel (Development Organisation for Equity & Love),178,2.36,3.17,5.53,10.19,15.72
2025-06,175,828,21112-00561-00828,DREAM HEAVEN ASSOCIATION (DHA),178,1.02,,1.02,13.91,14.93
2025-06,176,27,02854-01466-00027,DRISHTIDAN,178,1.18,3.24,4.43,9.32,13.75
2025-06,177,252,01752-00192-00252,Dudumari Gram Unnayan Sangstha (DGUS),178,,,,0.77,0.77
2025-06,178,369,02100-01985-00369,Dushtha Shasthya Kendra (DSK),178,3.01,4.52,7.53,9.78,17.31
2025-06,179,847,21112-00909-00847,Dustha Manab Unnayan Society (DMUS),179,1.51,,1.51,7.68,9.19
2025-06,180,756,03229-01099-00756,Dustha Manobatar Seba Sangstha (DMSS),179,1.23,0.48,1.72,12.4,14.11
2025-06,181,798,21112-00041-00798,DUSTHO MOHILA SANGSTHA,179,0.91,2.0,2.91,10.78,13.69
2025-06,182,33,00654-00234-00033,Dwip Unnayan Sangstha,179,1.62,2.74,4.36,11.37,15.74
2025-06,183,181,00657-02312-00181,Environment & Agricultural Development Association (EADA),179,2.43,1.47,3.9,13.68,17.58
2025-06,184,203,01059-03355-00203,Eco-Social Development Organization (ESDO),179,3.14,2.68,5.82,8.57,14.38
2025-06,185,31,01109-00117-00031,ENDEAVOUR(Ensure Development Activities for Vulnerable Under Privileged Rural People),179,2.85,2.78,5.63,10.88,16.51
2025-06,186,375,00914-04151-00375,Environmental And Socio Economic Network (ESEN),179,1.93,,1.93,11.09,13.02
2025-06,187,173,00273-03453-00173,Eskander Welfare Foundation (EWF),179,1.85,0.29,2.14,8.85,10.99
2025-06,188,467,03032-02138-00467,Aso Gori Unnayan Sangstha (AGUS),179,6.34,2.08,8.42,10.3,18.72
2025-06,189,841,21112-00056-00841,EURO BANGLA FOUNDATION (EBF),179,1.12,3.9,5.02,31.19,36.21
2025-06,190,274,04594-01141-00274,Family Development Service & Research,179,1.33,1.89,3.21,15.99,19.2
2025-06,191,438,03423-02757-00438,Faridpur Development Agency (FDA),179,2.08,2.55,4.63,13.65,18.28
2025-06,192,209,00728-00812-00209,Focus Society,179,1.55,2.69,4.24,13.78,18.02
2025-06,193,423,01688-00841-00423,Friends in Village Development Bangladesh,179,2.11,1.73,3.84,9.82,13.65
2025-06,194,860,21112-00129-00860,Gaibandha Rural Development Foundation (GRDF),179,0.32,,0.32,7.55,7.87
2025-06,195,91,03730-01746-00091,Gana Unnayan Kendra (GUK),179,1.27,7.51,8.78,10.19,18.97
2025-06,196,195,03606-00904-00195,Gandhi Ashram Trust,179,3.14,2.46,5.59,18.12,23.72
2025-06,197,208,00254-03690-00208,Gano Milan Foundation,179,1.22,3.29,4.51,19.67,24.18
2025-06,198,522,01665-00147-00522,Gazipur Unnayan Sangstha (GUS),179,1.04,0.07,1.12,6.71,7.83
2025-06,199,745,03693-03523-00745,Gender and Environment Management Society (GEMS),179,1.86,0.9,2.76,14.34,17.1
2025-06,200,160,00399-01209-00160,Ghashful,179,2.08,4.19,6.27,11.96,18.22
2025-06,201,446,02041-01180-00446,GLDP (Grass-root Level Development Programme),179,1.26,0.15,1.42,5.25,6.67
2025-06,202,147,00219-01524-00147,Gono Kallyan Trust,179,2.8,5.18,7.98,9.12,17.09
2025-06,203,403,00768-00647-00403,Gono Unnayan Prochesta,179,2.07,4.86,6.93,11.56,18.49
2025-06,204,569,04329-01672-00569,Gono Unnayan Sangstha,180,1.16,1.34,2.5,1.35,3.85
2025-06,205,650,04833-04519-00650,Gonoshasthaya Kendra (GK),180,1.61,,1.61,9.62,11.22
2025-06,206,783,21112-00083-00783,GRAM BANGLA UNNAYAN SANGSTHA (GBUS),180,0.95,2.52,3.48,17.61,21.08
2025-06,207,183,01271-01016-00183,Gram Bikash Kendra,180,2.57,3.2,5.78,13.55,19.33
2025-06,208,499,01758-02082-00499,Gram Bikash Sangstha (GBS),180,0.97,1.06,2.03,20.31,22.34
2025-06,209,180,02858-00277-00180,Gram Unnayan Karjakram (GRAUK),180,4.62,1.5,6.12,13.26,19.38
2025-06,210,273,02761-03196-00273,Gram Unnayan Karma (GUK),180,1.6,4.12,5.72,11.09,16.81
2025-06,211,872,21112-00701-00872,GRAMEEN ALO (GA),180,0.87,2.31,3.18,12.25,15.44
2025-06,212,527,05796-01918-00527,Grameen Alo Songstha (GAS),180,2.87,2.55,5.43,15.03,20.46
2025-06,213,495,00440-00065-00495,Grameen Economic And Social Advancement (GESA),180,0.45,0.23,0.69,5.06,5.75
2025-06,214,275,00552-01111-00275,Grameen Jano Unnayan Sangstha (GJUS),180,1.89,4.02,5.91,18.64,24.55
2025-06,215,596,03904-00198-00596,Grameen Jono Unnayan Sangstha,180,4.5,0.48,4.99,12.44,17.43
2025-06,216,840,21112-01197-00840,GRAMEEN JUBA SAMAJ KALLYAN SANGSTHA,180,2.2,,2.2,31.22,33.42
2025-06,217,454,00706-00960-00454,Grameen Krishi Foundation,180,0.0,,0.0,18.23,18.23
2025-06,218,510,02414-00814-00510,Grameen Krishok Sohayak Sangstha (GKSS),180,0.85,,0.85,13.07,13.92
2025-06,219,201,02830-03273-00201,Grameen Manobic Unnayan Sangstha (GRAMAUS),180,2.1,4.45,6.55,11.41,17.96
2025-06,220,448,00167-00284-00448,Grameen Motsho O Pashusampad Foundation (GMPF),180,0.48,,0.48,8.25,8.73
2025-06,221,887,32021-00249-00887,Grameen Prochesta Songstha (GPS),180,1.1,0.6,1.7,17.21,18.91
2025-06,222,161,00336-00260-00161,Grameen Progress,180,1.02,0.47,1.5,15.3,16.8
2025-06,223,776,21112-00249-00776,Grameen Samajik Unnayan Foundation (RSDF),180,1.12,2.87,3.99,8.18,12.18
2025-06,224,83,00343-03944-00083,Grameen Seba Sangstha,180,0.09,,0.09,1.76,1.85
2025-06,225,697,00989-02646-00697,Graush,180,0.58,0.35,0.93,10.11,11.04
2025-06,226,62,01680-00763-00062,Habiganj Unnayan Sangstha (HUS),180,2.54,2.07,4.61,9.39,14.0
2025-06,227,191,00538-00101-00191,Habitat & Economy Lifting Programme (HELP),180,0.01,,0.01,2.05,2.06
2025-06,228,172,06408-05124-00172,Hanum Health Development Foundation,180,2.65,,2.65,21.13,23.78
2025-06,229,380,01662-00774-00380,"Health, Education & Economic Development Organization (HEEDO)",180,1.61,2.41,4.02,19.88,23.89
2025-06,230,258,01399-00645-00258,HEED Bangladesh,181,3.38,1.94,5.31,16.31,21.63
2025-06,231,706,01185-04747-00706,Help Bangladesh,181,4.66,,4.66,8.9,13.56
2025-06,232,393,01928-02098-00393,Hilful Fuzul Samaj Kallyan Sangstha,181,0.41,,0.41,5.58,5.99
2025-06,233,763,21112-00090-00763,Hira Samaj Unnayan Sangstha (HSUS),181,3.25,2.39,5.64,7.01,12.65
2025-06,234,124,00938-00810-00124,Holodia Mohila Unnayan Sangstha,181,2.73,1.1,3.83,12.79,16.62
2025-06,235,615,02594-01708-00615,Homeland Development Organization (HDO),181,1.67,0.3,1.97,15.14,17.1
2025-06,236,517,01469-02078-00517,HOPE,181,2.24,2.91,5.15,12.99,18.14
2025-06,237,851,21112-00643-00851,HUMAN AND NATURE DEVELOPMENT SOCIETY (HANDS),181,2.71,4.91,7.62,12.97,20.59
2025-06,238,797,21112-00154-00797,HUMANITARIAN AID FOR RURAL DEVELOPMENT SOCIETY,181,0.61,,0.61,9.4,10.02
2025-06,239,873,21112-01166-00873,Hunger Poverty Alleviation Organization (H.P.A.O),181,0.59,0.34,0.93,4.81,5.74
2025-06,240,118,01886-01501-00118,IDEAL (Institute of evelopment Education for Advancement of Landless),181,3.8,1.93,5.72,15.15,20.88
2025-06,241,761,21112-00214-00761,IDEAL KARMA SHAHAOK FOUNDATION,181,2.65,2.91,5.57,10.48,16.05
2025-06,242,399,01133-01814-00399,Initiative for People’s Development (IPD),181,1.16,,1.16,18.06,19.21
2025-06,243,839,21112-0174-00839,Integrated Community Development Society (I.C.D.S),181,1.73,,1.73,7.85,9.58
2025-06,244,249,01920-01872-00249,Integrated Development Foundation,181,2.11,4.2,6.31,9.78,16.09
2025-06,245,94,00361-03311-00094,Integrated Rural Development Organization (IRDO),181,1.71,4.47,6.19,8.36,14.54
2025-06,246,7,02693-01298-00007,Integrated Service for Development of Children & Mothers (ISDCM),181,1.36,0.15,1.51,15.8,17.31
2025-06,247,825,21112-00879-00825,INTEGRATED SOCIAL SERVICE OF PEOPLES ADVANCEMENT (ISSPA),181,1.3,1.26,2.55,12.09,14.64
2025-06,248,259,01001-00055-00259,Integrated Social Welfare Association (ISWA),181,2.29,,2.29,20.71,23.01
2025-06,249,591,01649-00325-00591,Isamati Samaj Unnayan Sangstha,181,1.94,5.74,7.68,11.86,19.54
2025-06,250,342,02183-00557-00342,Islami Social Development Organization (ISDO),181,1.49,2.13,3.62,25.1,28.73
2025-06,251,334,02114-00225-00334,Jagarani Mohila Kallyan Sangstha (JMKS),181,1.48,3.59,5.06,11.57,16.63
2025-06,252,8,00322-01714-00008,Jagorani Chakra Foundation (JCF),181,2.94,3.48,6.42,9.85,16.27
2025-06,253,50,01638-01520-00050,Jagrata Juba Shangha (JJS),181,4.88,1.29,6.18,9.58,15.75
2025-06,254,231,01420-01221-00231,JAKAS Foundation,182,2.27,3.25,5.52,15.87,21.39
2025-06,255,667,06492-02142-00667,Jamuna Samaj Kallyan Sangstha,182,1.7,5.39,7.09,14.23,21.32
2025-06,256,493,00634-04219-00493,Jamuna Social Foundation,182,0.89,3.77,4.66,13.91,18.57
2025-06,257,755,02251-01459-00755,Janakallyan Manobik Unnoyon Shankstha,182,2.19,,2.19,10.8,12.99
2025-06,258,443,06637-04368-00443,Jano Hitoishi Sangstha,182,0.35,0.54,0.89,9.66,10.56
2025-06,259,772,21112-00384-00772,JANO UNNAYAN FOUNDATION,182,2.58,0.49,3.08,14.92,18.0
2025-06,260,310,02487-00630-00310,Janoseba,182,2.3,2.36,4.66,12.78,17.44
2025-06,261,736,02334-01829-00736,Jatio Tarun Sangha,182,1.32,,1.32,9.21,10.52
2025-06,262,707,02838-03610-00707,Joutha Udyog,182,1.04,,1.04,12.92,13.96
2025-06,263,700,06220-04807-00700,Joutha Unnayan Prochesta (JUP),182,3.2,1.06,4.27,8.06,12.32
2025-06,264,784,21112-00253-00784,JOYOTI SOCIETY,182,0.88,,0.88,19.98,20.86
2025-06,265,278,01421-02528-00278,Joypurhat Rural Development Movement (JRDM),182,1.24,3.79,5.04,11.97,17.0
2025-06,266,144,00192-01282-00144,Jugantar Samaj Unnayan Sangstha (JSUS),182,2.03,3.24,5.28,14.17,19.45
2025-06,267,540,02418-00176-00540,Kakon Bahumuki Unnayan Songstha (KBUS),182,1.22,8.67,9.88,12.48,22.36
2025-06,268,607,03022-02787-00607,Karatoa Pally Unnoyan Shangstha (kpus),182,1.28,0.39,1.67,14.86,16.53
2025-06,269,132,04487-01682-00132,Karmarjan,182,1.04,3.85,4.89,13.66,18.55
2025-06,270,638,01632-02081-00638,Khandaker Kallyan Trust and Organization,182,1.24,,1.24,20.61,21.85
2025-06,271,601,02196-00957-00601,Khandokhetro Samajic Unnayan Sangstha (K.S.D.O.),182,0.56,0.04,0.6,10.23,10.83
2025-06,272,35,01222-00357-00035,Khulna Mukti Seba Sangstha (KMSS),182,0.82,4.73,5.55,16.0,21.55
2025-06,273,309,01404-00160-00309,KPUS (Kushtia Palli Unnayan Sangstha),182,1.77,3.32,5.08,10.04,15.12
2025-06,274,639,02774-00112-00639,Lal Hossain Chowdhury Memorial Foundation,182,1.93,,1.93,17.12,19.05
2025-06,275,286,00037-01156-00286,Leya Health & Education Development Foundation,182,2.42,,2.42,10.79,13.21
2025-06,276,774,21112-00583-00774,Light House,182,1.56,6.94,8.49,14.37,22.87
2025-06,277,721,02073-00518-00721,Local Development Program (LDP),182,1.57,4.69,6.26,10.41,16.66
2025-06,278,238,01481-01211-00238,Local Initiative for Empowerment (LIFE),182,2.46,6.05,8.51,17.56,26.07
2025-06,279,72,03701-02567-00072,LUSTRE,183,1.11,11.04,12.15,10.92,23.07
2025-06,280,218,00927-01082-00218,Mamata,183,3.78,3.12,6.9,13.52,20.42
2025-06,281,716,02169-02573-00716,Manab Kallayan Sangstha Comilla (MAKS COMILLA),183,1.11,1.71,2.82,9.39,12.21
2025-06,282,762,21112-00001-00762,Manab Mukti Sangstha,183,2.19,4.46,6.66,11.58,18.23
2025-06,283,359,04591-03510-00359,Manab Sampad Unnayan Kendra,183,1.61,2.98,4.59,11.27,15.85
2025-06,284,339,03352-01574-00339,Manab Seba Ovijan,183,2.1,3.49,5.59,9.81,15.4
2025-06,285,686,04615-00668-00686,Manab Unnayan Kendra,183,0.8,2.12,2.93,12.3,15.23
2025-06,286,233,00165-01033-00233,Manabik Shahajya Sangstha (MSS),183,2.26,2.63,4.89,9.4,14.29
2025-06,287,777,21112-00181-00777,Manikganj Unnayan Songstha (Maus),183,1.75,5.1,6.85,8.78,15.63
2025-06,288,67,03457-02024-00067,Manob Sakti Unnayan Kendro (MSUK),183,1.03,1.05,2.08,13.31,15.39
2025-06,289,618,02279-01355-00618,Maitree Seba Sangstha (matreeseba),183,2.78,0.95,3.73,13.74,17.47
2025-06,290,651,00678-00342-00651,Mirzapur Paribesh Unnayan Foundation,183,0.73,1.99,2.73,6.08,8.81
2025-06,291,450,01465-02227-00450,Modern Development Organization (MDO),183,2.59,2.44,5.03,10.29,15.32
2025-06,292,363,03703-01005-00363,Mohila Bohumukhi Shikkha Kendra (Mohila Bohumukhi Shikkha Kendra),183,1.77,2.66,4.43,14.71,19.14
2025-06,293,795,21112-00164-00795,MOHISHBATHAN SAMAJ KALLAYAN SAMITI,183,1.21,1.72,2.93,12.69,15.62
2025-06,294,223,00785-00079-00223,Mother Advancement Assistance (MAA),183,1.0,0.13,1.13,15.53,16.65
2025-06,295,586,00295-00985-00586,Moulik Babosthapona Sangstha (BMS),183,0.48,6.45,6.93,10.47,17.4
2025-06,296,240,00563-00229-00240,Mousumi,183,2.91,2.91,5.82,9.57,15.39
2025-06,297,272,00908-00278-00272,Mukti Cox’sbazar,183,2.05,2.46,4.51,13.66,18.16
2025-06,298,381,05793-02095-00381,Mukti Foundation,183,2.35,,2.35,7.0,9.35
2025-06,299,306,01119-00936-00306,Muktipath Unnayan Kendra,183,2.82,0.82,3.64,13.22,16.85
2025-06,300,368,02764-00738-00368,Muslim Aid-Bangladesh,183,4.02,0.34,4.36,12.98,17.34
2025-06,301,158,01045-00591-00158,Nabolok Parishad,183,2.12,3.45,5.58,10.29,15.87
2025-06,302,514,00697-02433-00514,Namuja Orthonoitik Unnayan Sangstha (NEDO),183,0.56,7.73,8.29,15.86,24.15
2025-06,303,748,01536-03340-00748,Naogaon Artho-Samajic Unnayan Sangstha,183,1.11,0.23,1.33,8.2,9.53
2025-06,304,819,21112-00681-00819,Naogaon Economic & Social Development Organization (NESDO),183,0.68,5.27,5.95,7.63,13.58
2025-06,305,842,21112-0110-00842,Nari Development Organization (NDO),183,2.75,0.09,2.84,11.55,14.38
2025-06,306,575,00976-03082-00575,Nari Maitree (NM),184,0.74,6.78,7.52,6.6,14.13
2025-06,307,149,00206-00025-00149,Nari Uddog Kendra (NUK),184,1.28,2.77,4.05,6.37,10.42
2025-06,308,750,01447-01882-00750,Nari Unnayan Forum (NUF),184,1.31,,1.31,9.42,10.72
2025-06,309,422,00046-00327-00422,Naria Unnayan Samity (NUSA),184,1.74,3.66,5.39,9.74,15.13
2025-06,310,123,00260-01715-00123,National Development Council (NDC),184,1.57,,1.57,10.9,12.47
2025-06,311,222,01229-00332-00222,National Development Programme (NDP),184,2.15,2.53,4.68,10.15,14.84
2025-06,312,646,05827-02134-00646,Nawbagonj Integrated Poverty Aleavation Foundation,184,3.51,0.94,4.45,10.99,15.44
2025-06,313,139,02489-00089-00139,Nazir (Natun Zibon Rochi),184,1.71,2.47,4.18,13.18,17.37
2025-06,314,711,02786-01857-00711,Nazrul Smriti Sangsad (NSS),184,1.94,,1.94,5.08,7.02
2025-06,315,508,01666-00838-00508,NEDA Society,184,1.79,2.0,3.79,13.74,17.53
2025-06,316,61,02408-01107-00061,New Era Foundation,184,2.22,2.41,4.63,11.18,15.81
2025-06,317,566,01053-01207-00566,New Initiative for Empowerment of the Poor,184,1.28,1.52,2.79,8.82,11.62
2025-06,318,863,21112-00247-00863,NICE SOCIAL WELFARE Organization (NSWO),184,1.64,,1.64,8.05,9.69
2025-06,319,602,02837-01724-00602,Nirapad Islami Gram Unnayan Sangstha (NIGUS),184,1.37,2.22,3.59,7.69,11.28
2025-06,320,675,02611-01592-00675,Nirapod Samaj (NS),184,1.08,5.13,6.21,9.28,15.49
2025-06,321,535,01489-03241-00535,Nirman Sangathan (NS),184,1.15,2.71,3.86,11.0,14.86
2025-06,322,580,01021-00508-00580,Nirmol Foundation (nirmolf),184,0.7,,0.7,11.2,11.91
2025-06,323,378,02867-00786-00378,Nishkriti,184,2.78,0.81,3.59,16.24,19.83
2025-06,324,352,02640-01133-00352,Niskrity Foundation,184,8.4,,8.4,17.38,25.78
2025-06,325,392,02475-01522-00392,Noakhali Rural Action Society (N- RAS),184,1.5,0.89,2.38,9.75,12.13
2025-06,326,116,01514-02005-00116,Noakhali Rural Development Society,184,2.45,1.48,3.93,11.73,15.66
2025-06,327,418,01361-00347-00418,Noble Education & Literary Society,184,1.47,2.83,4.3,13.07,17.37
2025-06,328,166,01510-00598-00166,Nobo Jibon,184,1.1,11.41,12.52,8.82,21.34
2025-06,329,884,32021-00049-00884,Nobojatra Manobik Unnayan Sangstha,184,0.92,4.91,5.82,18.51,24.33
2025-06,330,782,21112-00404-00782,NOOR FOUNDATION BANGLADESH,184,1.96,1.13,3.08,25.5,28.59
2025-06,331,407,00314-02594-00407,Normisjon Bangladesh,184,1.31,0.6,1.91,10.48,12.39
2025-06,332,660,02678-04178-00660,North Bengal Rural Development Society (NRDS),185,2.33,,2.33,10.44,12.77
2025-06,333,823,21112-00170-00823,Northern Development Foundation-NDF,185,0.66,2.16,2.82,9.71,12.53
2025-06,334,284,04791-03146-00284,Notun Shathi,185,1.39,1.73,3.12,7.65,10.77
2025-06,335,345,01519-00587-00345,Nowabenki Gonomukhi Foundation,185,2.66,3.3,5.97,13.39,19.36
2025-06,336,867,21112-01189-00867,Organization for Agricultural Social And Intellectual Salvation (OASIS),185,0.61,2.26,2.87,6.75,9.62
2025-06,337,314,01620-02596-00314,OPCA ( Organization for the Poor Community Advancement),185,4.13,2.55,6.67,15.31,21.99
2025-06,338,186,02428-03744-00186,Organization for Social Advancement & Cultural Activities (OSACA),185,1.69,3.48,5.17,11.37,16.54
2025-06,339,39,00670-00643-00039,Organization for Social and Economical Development (OSED),185,2.22,2.69,4.92,13.21,18.12
2025-06,340,642,06035-01175-00642,Organization-for-the Poor Advancement Committee (OPAC),185,1.53,0.32,1.85,15.4,17.25
2025-06,341,101,01648-01342-00101,Pabna Protishsruti,185,1.88,4.05,5.92,10.27,16.19
2025-06,342,95,00181-00468-00095,Padakhep Manabik Unnayan Kendra (Padakhep),185,2.35,4.66,7.0,9.55,16.56
2025-06,343,28,00561-00657-00028,Page Development Centre,185,2.26,2.41,4.67,11.29,15.96
2025-06,344,817,21112-00020-00817,PALIMATI SAMAJ KALYAN FOUNDATION (PSKF),185,1.15,3.09,4.24,12.2,16.44
2025-06,345,90,00313-00543-00090,Palli Bandhan Kendra,185,2.42,1.22,3.64,12.8,16.45
2025-06,346,383,00277-04240-00383,Palli Bhandhu Unnayan Sangstha,185,4.73,,4.73,10.34,15.07
2025-06,347,645,02170-00679-00645,Palli Bikash Foundation (PBF),185,1.72,,1.72,1.59,3.31
2025-06,348,554,00094-01095-00554,Palli Karma Unnayan Sangstha (PKUS),185,0.14,6.01,6.15,4.59,10.75
2025-06,349,312,00862-00387-00312,Palli Mongal Karmosuchi,185,1.68,2.01,3.69,8.18,11.87
2025-06,350,197,02223-01083-00197,Palli Pragati Samity,185,1.93,1.91,3.83,10.99,14.82
2025-06,351,280,02178-00214-00280,Palli Progoti Shahayak Samity,185,1.1,5.19,6.29,15.38,21.67
2025-06,352,282,01619-04118-00282,Palli Rakkha Sangstha (PARAS),185,0.61,5.33,5.95,14.92,20.87
2025-06,353,37,01235-00619-00037,Palli Samonnaya O Shikkha Kallyan Parishad (Pasashik Parsad),185,1.02,,1.02,7.43,8.45
2025-06,354,794,21112-00406-00794,Palli Seba Sangha (PSS),185,3.18,1.25,4.43,11.73,16.17
2025-06,355,331,00208-05115-00331,Palli Shishu Foundation of Bangladesh,185,2.26,3.33,5.59,12.61,18.19
2025-06,356,193,00984-01198-00193,Palli Sohojogi Bishoyak Sangstha (ARCO),185,1.34,,1.34,15.04,16.39
2025-06,357,313,01572-00660-00313,Pollisree,186,1.97,2.91,4.87,10.01,14.88
2025-06,358,705,02909-04702-00705,Palli Unnayan Foundation,186,0.3,3.06,3.36,11.03,14.39
2025-06,359,440,01667-00832-00440,Palli Unnayan Parishad (PUP),186,0.95,1.95,2.9,9.37,12.27
2025-06,360,190,00529-03996-00190,Pally Bikash Kendra (PBK),186,3.22,4.1,7.32,9.39,16.71
2025-06,361,254,00140-01701-00254,Pally Unnayan Samaj Kallyan Sangstha,186,1.64,,1.64,14.79,16.42
2025-06,362,553,03517-03233-00553,Peoples Union of the Marginalized Development Organization (PUMDO),186,1.41,,1.41,8.57,9.98
2025-06,363,737,02066-00241-00737,PANJERI SWAMAJ UNNAYAN SANGSTHA (PSUS),186,1.83,2.37,4.2,9.65,13.84
2025-06,364,473,01849-01564-00473,Parashmoni Samajik Unnayan Sangstha,186,1.27,4.41,5.68,12.89,18.57
2025-06,365,178,00474-00243-00178,Paribar Unnayan Sangstha (FDA),186,2.01,1.94,3.95,8.34,12.29
2025-06,366,126,02819-01137-00126,Pariber O Shishu Kallyan Kendra,186,2.85,0.09,2.94,13.14,16.07
2025-06,367,453,00810-00012-00453,Participatory Development Organization (PDO),186,2.33,2.45,4.78,8.66,13.44
2025-06,368,261,00649-00380-00261,Patakuri Society,186,2.62,1.84,4.46,11.17,15.63
2025-06,369,520,01882-01666-00520,Pathokoli Sangstha,186,2.51,4.66,7.16,14.57,21.74
2025-06,370,162,00935-00094-00162,PIDIM Foundation,186,2.5,4.34,6.85,9.53,16.37
2025-06,371,878,21112-00876-00878,PDO(Peace & Development Organization),186,0.7,,0.7,11.45,12.15
2025-06,372,807,21112-00106-00807,People’s Development Foundation (PDF),186,1.59,0.85,2.44,9.36,11.81
2025-06,373,505,02288-00609-00505,Peoples Development Society (PDS),186,1.66,2.44,4.11,21.84,25.95
2025-06,374,854,21112-00144-00854,Peoples Organization For Empowerment (POFE),186,1.1,1.37,2.47,11.26,13.73
2025-06,375,159,02150-01563-00159,Peoples Oriented Program Implementation (POPI),186,2.93,5.29,8.22,8.14,16.36
2025-06,376,627,00257-00066-00627,People’s Welfare Foundation,186,1.51,4.36,5.87,11.99,17.87
2025-06,377,416,00090-01828-00416,Perfect Development Foundation,186,2.3,0.67,2.97,9.86,12.83
2025-06,378,726,01733-00104-00726,Polli Samajik Karzokram Sangstha,186,1.8,1.25,3.05,28.16,31.22
2025-06,379,735,00861-02582-00735,Polly Arthik Unnayan Karzocrom,186,3.32,1.12,4.43,10.71,15.14
2025-06,380,210,00021-00760-00210,Polly Sheba Shangstha(PSS),186,1.37,3.11,4.48,10.95,15.43
2025-06,381,717,01308-01875-00717,Poor Human Integrated Social Welfare Organization (PHISWO),186,1.23,0.79,2.02,8.69,10.72
2025-06,382,623,01398-01622-00623,Poor Relief Services & Health Assistance Society,187,2.04,2.42,4.46,9.09,13.55
2025-06,383,204,01616-01384-00204,Poor Welfare Organization (PWO),187,3.09,4.19,7.28,13.06,20.34
2025-06,384,578,01770-01587-00578,Poribar Kallyan Sahayak Samittee (PKSS),187,1.83,3.39,5.22,13.15,18.37
2025-06,385,622,00566-00036-00622,Poribar Unnayon Foundation (FDF),187,2.55,4.5,7.05,12.46,19.51
2025-06,386,2,00805-00006-00002,Posobid Unnoyon Sangstha,187,,0.6,0.6,2.17,2.78
2025-06,387,785,21112-00211-00785,Pous Foundation,187,0.74,4.7,5.44,11.09,16.54
2025-06,388,471,03434-00816-00471,Poverty Alleviation and Social Advancement Association (PASAA),187,1.9,,1.9,10.04,11.95
2025-06,389,255,00751-00623-00255,Poverty Alleviation Drive (PADT),187,4.69,,4.69,11.1,15.79
2025-06,390,107,00571-00090-00107,Poverty Alleviation Through Participatory Rural Initiatives (PAPRI),187,1.72,0.01,1.73,12.51,14.23
2025-06,391,307,00521-00022-00307,PRISM Bangladesh Foundation,187,1.63,2.63,4.26,8.79,13.04
2025-06,392,194,00987-00690-00194,Prodipan,187,4.47,,4.47,8.84,13.32
2025-06,393,48,01987-01454-00048,Progoti Samajkallyan Sangstha (PSS),187,1.74,3.01,4.76,13.19,17.95
2025-06,394,135,01508-00703-00135,Program for Community Development (PCD),187,1.09,2.47,3.56,8.54,12.09
2025-06,395,793,21112-00042-00793,PROGRAMMES FOR PEOPLES DEVELOPMENT (PPD),187,1.41,2.6,4.01,10.92,14.93
2025-06,396,169,01973-02543-00169,Progress (Akti Samaj nnayanmulak Sangstha),187,1.42,2.56,3.98,12.59,16.57
2025-06,397,844,21112-00003-00844,PROGRESSIVE STAR SOCIETY (P.S.S),187,0.83,4.25,5.08,10.22,15.3
2025-06,398,370,03647-01306-00370,PROKAS (Proshikkan Karmasangsthan O Artha-Samajic Unnayan Sangstha),187,1.24,3.86,5.1,6.75,11.85
2025-06,399,600,00152-03135-00600,Proshika Manabik Unnayan Kendro,187,6.23,0.08,6.31,10.19,16.49
2025-06,400,625,05094-02747-00625,Protibandhi Kallyan Kendro (PKK),187,1.84,4.53,6.36,10.38,16.74
2025-06,401,616,01925-03159-00616,Protiddhani Samaj Unnaya Sangstha (PSUS),187,0.93,0.26,1.2,6.42,7.61
2025-06,402,568,04558-01053-00568,Protisruti Manobik Bikash Sangstha,187,2.63,0.65,3.27,18.24,21.52
2025-06,403,20,02234-00389-00020,Prottoy Unnayan Sangstha (Prottoy),187,2.48,2.18,4.67,10.96,15.63
2025-06,404,145,00940-00304-00145,Prottyashi,187,3.04,0.66,3.7,16.32,20.02
2025-06,405,248,00978-00986-00248,Proyas Manobik Unnayan Society,187,1.93,4.37,6.3,15.22,21.52
2025-06,406,439,03596-01741-00439,Proyash Unnayan Sangstha,187,1.6,1.02,2.62,10.43,13.05
2025-06,407,779,21112-00691-00779,PUSPO POLLI UNNAYAN SONGSTHA,188,0.74,,0.74,16.59,17.33
2025-06,408,74,02107-00182-00074,Rajshahi Social Development Program (RSDP),188,1.54,8.56,10.1,5.98,16.08
2025-06,409,457,00933-00078-00457,Rangpur Health & Education Improvement Society (RHEIS),188,1.51,2.75,4.25,11.17,15.42
2025-06,410,76,02547-00551-00076,Rangpur Unnayan Samajik Sangstha (RDSS),188,1.25,0.36,1.61,10.08,11.69
2025-06,411,820,21112-00210-00820,Raymajhira Sabuj Sangha (RSS),188,0.96,2.58,3.53,9.73,13.26
2025-06,412,192,00143-00175-00192,RDRS Bangladesh,188,2.31,4.37,6.68,8.81,15.49
2025-06,413,652,00302-01029-00652,Relation,188,0.98,,0.98,11.96,12.94
2025-06,414,429,00924-00476-00429,Resource Development Foundation (RDF),188,0.72,0.87,1.59,15.65,17.24
2025-06,415,167,00349-01375-00167,Resource Integration Centre (RIC),188,1.9,6.92,8.82,11.56,20.38
2025-06,416,664,02450-02480-00664,Retired Grameen Banker’s Foundation,188,2.99,9.82,12.81,46.92,59.73
2025-06,417,611,00018-00267-00611,RISDA- Bangladesh,188,1.71,,1.71,12.82,14.53
2025-06,418,843,21112-0295-00843,Rishi Foundation,188,2.84,1.4,4.24,14.28,18.52
2025-06,419,138,00858-00806-00138,Rova Foundation,188,1.35,3.34,4.69,8.04,12.72
2025-06,420,827,21112-01068-00827,RUPASHI BANGLA UNNAYAN SANGSTHA (RBUS),188,0.42,2.27,2.68,9.08,11.77
2025-06,421,771,21112-00273-00771,RUPOSHI BANGLA SOCIETY,188,1.67,1.56,3.23,9.13,12.36
2025-06,422,478,04097-03718-00478,Rural & Urban People’s Association (RUPA),188,1.09,9.27,10.36,11.83,22.19
2025-06,423,120,00903-04841-00120,Rural Advancement Committee for Bangladesh (RAC-angladesh),188,0.5,0.84,1.34,6.51,7.85
2025-06,424,692,03012-02315-00692,Rural Advancement Committee (RAC),188,1.07,1.54,2.61,9.07,11.68
2025-06,425,262,01565-00555-00262,Rural Development and Welfare Foundation,188,1.97,4.42,6.39,14.48,20.87
2025-06,426,681,00097-02216-00681,Rural Development Associate (RDA),188,0.44,0.26,0.7,5.26,5.96
2025-06,427,374,00193-00028-00374,Rural Development Sangstha (RDS),188,1.45,4.08,5.54,13.54,19.07
2025-06,428,432,00964-00780-00432,Rural Economic Development Aid Society (REDAS),188,2.48,0.24,2.72,17.66,20.39
2025-06,429,412,00194-01983-00412,Rural Economic Development Program,188,1.1,4.97,6.08,7.47,13.55
2025-06,430,206,02453-02558-00206,Rural Economic Support & Care for the Under Privileged (RESCUE),188,1.16,3.12,4.29,11.54,15.83
2025-06,431,834,21112-01143-00834,Rural Environment Education And Economic Development Society (REEEDS),188,1.5,0.16,1.66,12.83,14.49
2025-06,432,291,00773-00195-00291,Rural Health Education and Credit Organization (Rheco),188,1.22,5.11,6.33,9.14,15.47
2025-06,433,26,01372-00199-00026,Rural Reconstruction Foundation,189,2.64,3.37,6.02,11.44,17.46
2025-06,434,752,06616-04316-00752,Rural Reconstruction Society (R.R.S),189,0.56,,0.56,2.7,3.27
2025-06,435,640,00827-01334-00640,Rural Youth Development Organization (RYDO),189,2.97,1.94,4.91,10.4,15.31
2025-06,436,833,21112-00034-00833,S T R Foundation,189,2.15,0.48,2.63,5.25,7.88
2025-06,437,582,00784-00485-00582,Society Development Committee (SDC),189,3.04,0.51,3.55,8.05,11.6
2025-06,438,122,01117-02418-00122,Saat Ichchha Manabik Unnayan Sangstha (SIMUS),189,1.17,,1.17,11.24,12.41
2025-06,439,224,00696-01519-00224,Sabalamby Unnayan Samity,189,1.99,2.27,4.25,14.12,18.37
2025-06,440,865,21112-00669-00865,SABUJ BANGLA ARTHO SAMAJIK UNNAYAN SANGSTHA,189,1.49,2.74,4.23,13.95,18.19
2025-06,441,855,21112-01130-00855,Sabuj Bangla Jubo Kallan Sangstha (sbjks),189,0.96,,0.96,24.88,25.84
2025-06,442,212,02461-01449-00212,Sachetan Society (SS),189,2.75,3.41,6.16,12.42,18.58
2025-06,443,603,05041-02232-00603,SAGAR,189,3.82,1.25,5.06,14.61,19.67
2025-06,444,117,00508-00062-00117,Sagarika Samaj Unnayan Sangstha (SSUS),189,3.58,3.12,6.7,10.58,17.29
2025-06,445,301,02536-00744-00301,SAHAI- (Sesshashebi Pally Unnayan Sangstha),189,1.37,0.3,1.68,9.52,11.2
2025-06,446,155,00251-00155(K)-155,Sajida Foundation (SF),189,2.8,5.79,8.6,10.25,18.85
2025-06,447,6,03073-00100-00006,Samadhan,189,2.88,3.78,6.65,11.43,18.08
2025-06,448,838,21112-0809-00838,Samahar-Woman And Child Development Society (Samahar),189,1.74,,1.74,9.0,10.74
2025-06,449,82,00729-00046-00082,Samaj Unnayan Kendra (SUK),189,2.27,1.28,3.54,9.45,13.0
2025-06,450,890,32021-00353-00890,Somaj Unnayun Songstha (SDS),189,0.8,,0.8,22.33,23.13
2025-06,451,830,21112-00240-00830,Samaj Unnayon Palli Sangstha (SDRS),189,0.8,,0.8,0.75,1.54
2025-06,452,150,06113-01586-00150,Samajik Sheba Shongothon,189,5.46,1.34,6.8,12.79,19.59
2025-06,453,333,01573-00559-00333,Samakal Samaj Unnayan Sangstha (SSUS ),189,1.32,3.03,4.35,12.22,16.57
2025-06,454,684,01967-01203-00684,Samannita Attonirvorsheel Samaj Unnyon Sangstha (SISDA),189,0.73,3.67,4.4,7.48,11.89
2025-06,455,51,01230-00434-00051,Samannita Unnayan Seba Sangathan (SUSS),189,1.41,2.77,4.18,12.1,16.28
2025-06,456,364,01466-03813-00364,Samata Unnyan Sangstha,189,2.36,1.22,3.58,12.38,15.96
2025-06,457,289,00615-03147-00289,Sammannita Samaj Unnayan Sangstha (ICDA),189,1.85,2.58,4.43,17.32,21.75
2025-06,458,619,00016-03290-00619,Sammilon Foundation (SF),189,5.78,0.73,6.51,16.1,22.61
2025-06,459,696,01645-04174-00696,Sanchayan Unnayan Sangstha (SUS),190,1.94,1.35,3.29,10.01,13.3
2025-06,460,857,21112-00362-00857,SANCO (Social Advancement Networking Community Organization),190,0.55,3.53,4.09,7.26,11.34
2025-06,461,409,02117-01261-00409,Sangkalpa Trust (ST),190,1.54,4.98,6.52,18.49,25.0
2025-06,462,188,03782-00958-00188,SANGRAM (Sangathita Gramunnyan Karmasuchi),190,1.35,4.32,5.68,9.07,14.75
2025-06,463,121,01884-02230-00121,Saptagram Nari Swanirvar Parishad,190,1.38,,1.38,7.62,8.99
2025-06,464,741,03394-01823-00741,Sathi Samaj Unnayan Sangstha,190,0.91,,0.91,14.49,15.4
2025-06,465,749,04532-02311-00749,Satkhira Manob Unnayan Sangstha,190,1.47,4.24,5.71,6.72,12.43
2025-06,466,225,00895-00696-00225,Satkhira Unnayan Sangstha (SUS),190,1.94,2.96,4.9,12.87,17.77
2025-06,467,896,32021-00611-00896,SAVE THE POOR,190,1.74,9.23,10.97,18.83,29.79
2025-06,468,229,03074-04616-00229,SDS (Shariatpur Development Society),190,1.7,3.46,5.15,9.72,14.87
2025-06,469,688,05267-02974-00688,Seba Artha Samajik Unnayan Sangstha,190,0.76,7.14,7.9,6.6,14.51
2025-06,470,530,01689-01092-00530,Seba Environment Development Society,190,1.77,1.17,2.95,12.41,15.36
2025-06,471,835,21112-01126-00835,Seba Foundation,190,3.64,2.68,6.32,17.63,23.95
2025-06,472,822,21112-01018-00822,Seba Gram Unnayan Sangstha,190,0.42,3.53,3.94,13.83,17.78
2025-06,473,320,02821-04576-00320,SEBA- Social Edifi cation of Benign Assimilation Society (SEBA),190,1.55,0.16,1.71,11.39,13.1
2025-06,474,881,21112-00440-00881,Sebar Agrodrut (Ekati Samajik Unnayanamulaka Sanstha),190,0.73,,0.73,7.2,7.94
2025-06,475,814,21112-00509-00814,Seed Program of Grameen Society,190,1.38,2.61,3.99,16.47,20.46
2025-06,476,768,21112-00125-00768,Sejuti Health & Education Development Foundation,190,1.54,0.37,1.91,13.6,15.51
2025-06,477,308,02630-02645-00308,Self-Help & Rehabilitation Programme (SHARP),190,1.66,3.87,5.53,14.46,19.98
2025-06,478,371,04086-04801-00371,Self-Employment for Rural Destitute Women Through Cottage industries (SERWTCI),190,0.26,,0.26,4.84,5.11
2025-06,479,49,03033-03265-00049,SETU,190,1.71,6.55,8.26,9.34,17.6
2025-06,480,400,00608-01405-00400,Shahajira Mohila O Shishu Unnayan Sangstha,190,0.4,6.81,7.21,5.71,12.92
2025-06,481,18,00176-00059-00018,Shakti Foundation for Disadvantaged Women (Shakti Foundation),190,3.11,7.03,10.14,9.45,19.59
2025-06,482,526,02946-04128-00526,Shalom,190,2.34,,2.34,18.25,20.6
2025-06,483,674,00760-01412-00674,Shamoli Polli Unnayan Sangstha,190,1.75,2.72,4.47,13.42,17.89
2025-06,484,460,00926-01517-00460,Shanti Preyo Sangstha (spsorg),190,1.37,3.05,4.42,10.7,15.12
2025-06,485,53,05318-00561-00053,Shapla Gram Unnayan Sangstha,191,2.59,7.52,10.11,9.57,19.69
2025-06,486,196,01188-00449-00196,Shaplaful,191,,,,0.66,0.66
2025-06,487,426,00256-03650-00426,Shawdesh Unnayan Kendra-SUK,191,0.56,,0.56,5.19,5.75
2025-06,488,718,05632-02919-00718,Shefali Mohila Kallayan Sango (smks),191,0.32,,0.32,6.39,6.7
2025-06,489,678,02991-02053-00678,SHESO(Organization Of Social Health Education & Sanitation),191,3.65,0.29,3.94,20.4,24.34
2025-06,490,198,00188-00254-00198,Shetu Bangladesh,191,3.35,,3.35,10.36,13.71
2025-06,491,63,01101-02096-00063,Sheva Nari O Shishu Kallyan Kendra,191,2.55,3.43,5.98,10.71,16.69
2025-06,492,668,01388-01705-00668,Shikha Samaj Kalyan Sangstha,191,1.81,0.01,1.82,16.49,18.31
2025-06,493,468,02516-01291-00468,Shiropa Development Society,191,1.25,3.21,4.46,10.74,15.21
2025-06,494,1,05136-00895-00001,Shishu Niloy Foundation,191,2.64,2.77,5.41,9.83,15.24
2025-06,495,216,01359-03407-00216,"Shishu Sasthya Foundation, Bangladesh",191,1.0,1.19,2.19,15.36,17.56
2025-06,496,207,01116-00072-00207,Shataphool Bangladesh,191,1.62,3.82,5.44,13.93,19.37
2025-06,497,687,00818-01310-00687,Shusamaj Foundation,191,1.51,0.37,1.88,18.53,20.42
2025-06,498,38,00345-00075-00038,SHUSHILAN,191,1.98,0.39,2.37,15.66,18.03
2025-06,499,790,21112-00483-00790,Sirajgonj Manab Kallan & Somaj Unnoan Songstha,191,1.8,4.63,6.43,13.26,19.69
2025-06,500,549,01742-01625-00549,Sisa Jubo Samaj Kallayan Sangstha,191,1.34,,1.34,8.55,9.9
2025-06,501,45,01621-00534-00045,SKS Foundation,191,1.03,5.58,6.61,10.63,17.24
2025-06,502,47,01300-00405-00047,Social Advancement Through Unity (SATU),191,3.99,2.36,6.35,11.86,18.21
2025-06,503,831,21112-00367-00831,Social Advancement Community Organization (SACO),191,2.63,18.99,21.62,68.0,89.62
2025-06,504,537,00151-01548-00537,Social Advancement for Village Environment (SAVE),191,2.19,2.23,4.43,16.33,20.76
2025-06,505,44,00014-00052-00044,Social And Economic Enhancement Programme-Seep,191,1.99,7.34,9.34,17.44,26.77
2025-06,506,542,00952-00132-00542,Social Assistance and Rehabilitation for the Physically Vulnerable,191,2.61,2.49,5.11,10.52,15.62
2025-06,507,666,06990-02845-00666,Social Association for Future Establishment (SAFE),191,2.01,2.91,4.93,15.33,20.26
2025-06,508,889,32021-01497-00889,Social Association for People’s Livelihood Advancement (Shapla),191,0.73,4.63,5.36,5.22,10.58
2025-06,509,620,05948-03390-00620,Social Development Association - Comilla (SDA- Comilla),191,2.46,5.85,8.31,10.06,18.37
2025-06,510,531,06344-01621-00531,Social Development Association,191,0.85,0.41,1.26,13.11,14.37
2025-06,511,702,02703-01896-00702,Social Development Committee (SDC),191,1.61,5.58,7.18,19.5,26.69
2025-06,512,590,00845-01185-00590,Social Development Organization (SDO),192,1.98,3.43,5.4,10.36,15.76
2025-06,513,802,21112-00729-00802,Social Development Service (SDS),192,1.55,0.41,1.96,16.84,18.8
2025-06,514,88,01910-00250-00088,Social Earn Baking Advancement (SEBA),192,1.4,1.9,3.29,11.26,14.55
2025-06,515,743,02091-00494-00743,Social Equality for Effective Development (SEED),192,1.16,4.55,5.71,7.77,13.48
2025-06,516,846,21112-00403-00846,Social Organization For Poverty Alleviation (SOPAN),192,1.82,3.56,5.38,13.2,18.58
2025-06,517,215,00736-02038-00215,Social Organization for Voluntary Advancement (SOVA),192,2.36,,2.36,13.21,15.57
2025-06,518,808,21112-01212-00808,SOCIAL PROGRESIVE SOCIETY,192,,0.66,0.66,8.84,9.5
2025-06,519,803,21112-00002-00803,Social Safety Net Foundation,192,1.22,7.39,8.61,11.26,19.87
2025-06,520,14,00161-00209-00014,Social Upliftment Society (SUS),192,2.24,2.57,4.81,16.41,21.22
2025-06,521,343,03665-02837-00343,Society Development Committee (SDC),192,3.14,2.65,5.79,8.75,14.54
2025-06,522,283,05797-03838-00283,Society for Action Research and Development,192,2.95,2.67,5.62,12.31,17.92
2025-06,523,319,05744-04167-00319,Society For Advancement Of Rural Areas (SARA),192,2.0,0.53,2.53,14.37,16.9
2025-06,524,154,01239-03336-00154,Society for Development Initiatives (SDI),192,3.32,3.65,6.97,11.64,18.61
2025-06,525,465,00560-00262-00465,Society for Development of Self Reliance in Bangladesh,192,2.34,0.15,2.5,18.32,20.81
2025-06,526,111,01076-00719-00111,Society for Family Happiness & Prosperity,192,5.31,4.04,9.35,11.67,21.02
2025-06,527,279,01874-02086-00279,Society for Project Implementation Research Evaluation & Training (SOPIRET),192,2.48,2.47,4.96,10.97,15.92
2025-06,528,836,21112-00746-00836,Society for Research and Development Steps),192,0.43,5.02,5.46,15.0,20.46
2025-06,529,534,01278-03047-00534,Society for Social Advancement of Rural People,192,0.75,2.92,3.67,7.33,11.0
2025-06,530,738,03395-00446-00738,Society for UDDOG.,192,3.54,0.36,3.9,14.36,18.26
2025-06,531,500,06259-04852-00500,Society for Unhappy & Needy,192,1.51,,1.51,9.48,10.99
2025-06,532,287,01151-00141-00287,Socio Economic Backing Association (SEBA),192,1.97,4.75,6.72,12.19,18.91
2025-06,533,424,02168-04123-00424,Socio Economic Development Agency (SEDA),192,0.75,3.31,4.06,6.78,10.84
2025-06,534,532,01826-01668-00532,Socio Economic Health Education Organization,192,2.92,5.5,8.42,8.13,16.55
2025-06,535,746,03845-04957-00746,Socio Economy Advancement Organization,192,1.44,1.39,2.83,12.21,15.04
2025-06,536,11,01294-02087-00011,Sojag,192,5.67,5.39,11.06,9.41,20.47
2025-06,537,246,01402-00515-00246,SOLIDARITY,192,1.27,0.02,1.29,0.54,1.84
2025-06,538,594,01682-00678-00594,Somaj Unnoyan Karjocrom (SUK),193,1.09,6.08,7.17,13.04,20.22
2025-06,539,377,00203-00656-00377,Sonali Bhabishyat,193,1.83,7.39,9.23,7.69,16.92
2025-06,540,765,21112-01180-00765,SONAR BANGLA POLLI UNNAYAN SANGSTHA,193,1.24,5.79,7.03,12.71,19.74
2025-06,541,60,01539-01289-00060,Social Organization for children & Nation (Soochana),193,1.18,3.33,4.51,14.66,19.17
2025-06,542,733,00124-00809-00733,Sopnil Bangladesh Foundation,193,0.64,,0.64,13.69,14.33
2025-06,543,503,04014-03552-00503,Soul Foundation For Disadvantaged Women,193,0.67,2.49,3.16,18.27,21.43
2025-06,544,302,00452-03124-00302,South Asia Partnership Bangladesh (SAP-BD),193,1.71,2.87,4.59,13.68,18.27
2025-06,545,895,32021-00057-00895,South Bangla Polli Sangstha,193,1.35,0.55,1.9,19.44,21.33
2025-06,546,805,21112-00121-00805,SRISTY SAMAJIK UNNAYAN SANGSTHA,193,0.49,,0.49,13.21,13.7
2025-06,547,239,00675-01941-00239,Srizony Foundation,193,2.05,4.11,6.16,15.86,22.02
2025-06,548,327,03227-00309-00327,Step Towards Empowerment of the Poor,193,3.54,1.68,5.22,13.93,19.15
2025-06,549,297,01996-00602-00297,Sthanio Unnayan Sangstha,193,1.54,5.88,7.42,10.37,17.78
2025-06,550,476,03853-01807-00476,Stitching Land Ontwikkelings Project Bangladesh,193,2.02,1.83,3.86,12.5,16.35
2025-06,551,267,02373-04595-00267,Suchana Samaj Unnayan Sangstha,193,1.1,4.02,5.12,10.89,16.01
2025-06,552,698,05400-01060-00698,Supta Protiva Bikash Sangstha,193,1.21,4.84,6.05,10.14,16.19
2025-06,553,886,32021-00139-00886,Surjer Alo Jonokallayn Songstha (SPWO),193,0.93,,0.93,12.02,12.95
2025-06,554,751,02604-04329-00751,Surovi,193,1.86,,1.86,17.56,19.42
2025-06,555,811,21112-00467-00811,Swadesh Sheba (SS),193,0.08,,0.08,11.13,11.21
2025-06,556,559,01259-00750-00559,Swadesh Unnayan Sangstha- Gopalgonj (SUSG),193,3.04,0.4,3.44,9.99,13.44
2025-06,557,608,00848-00578-00608,Swakalpa Society (Swakalpo),193,1.05,2.66,3.7,15.72,19.42
2025-06,558,93,01547-00063-00093,Taltala Jubo Unnayon Sangothon (TYDA),193,0.75,0.11,0.85,10.52,11.37
2025-06,559,653,02370-00151-00653,Tarana Trust,193,2.61,4.35,6.96,12.32,19.28
2025-06,560,523,01152-01809-00523,Training Assistance & Rural Advancement Non-Govt. Organization (Tarango),193,2.19,2.79,4.98,11.19,16.18
2025-06,561,699,01822-02985-00699,Technical Assistance For Rural Development,193,2.83,2.49,5.32,21.58,26.9
2025-06,562,621,00428-01937-00621,Tekshoi Unnayan Sangstha (TUS),193,3.52,1.76,5.28,8.59,13.87
2025-06,563,550,01921-04875-00550,Thanapara Swallows Development Society,193,2.43,,2.43,7.96,10.4
2025-06,564,434,00749-00516-00434,The Coastal Rural and Urban Poor Development Association (The Crupda),194,0.12,,0.12,4.87,4.99
2025-06,565,376,04540-04427-00376,"The Garo Baptist Convention Christian Health Project, Joyramkura",194,0.94,,0.94,5.39,6.34
2025-06,566,105,00704-00470-00105,TMSS,194,2.34,2.04,4.38,10.17,14.55
2025-06,567,521,00803-00269-00521,Tribedi Mahila Samaj Unnayan Sangstha,194,2.58,,2.58,11.64,14.22
2025-06,568,858,21112-00344-00858,Trishna Samaj Kallyan Sangstha,194,1.81,2.16,3.97,10.04,14.01
2025-06,569,587,01714-01452-00587,Udayan Samity (US),194,2.92,,2.92,9.94,12.86
2025-06,570,577,01027-03176-00577,Udayan Sangstha,194,0.94,2.75,3.69,17.4,21.09
2025-06,571,165,00389-00173-00165,Udoy (Akti SamajKallyanmulak Protisthan,194,0.22,13.69,13.91,2.87,16.78
2025-06,572,415,01868-02583-00415,UJAN (Akti Manab Kallyan Sangstha),194,7.18,,7.18,5.77,12.95
2025-06,573,3,00123-00848-00003,United Development Initiatives for Programmed Actions-(UDDIPAN),194,3.24,4.65,7.9,10.59,18.48
2025-06,574,435,00772-03919-00435,United Social Human Advancement Foundation (USHA),194,1.86,3.66,5.51,6.71,12.22
2025-06,575,744,04072-03936-00744,Unmesh,194,4.89,1.69,6.58,11.02,17.61
2025-06,576,57,01403-01118-00057,Unnayan Prochesta (UP),194,1.77,3.54,5.31,25.13,30.44
2025-06,577,329,01164-02190-00329,Unnayan Sahayak Sangstha (USS),194,2.16,0.02,2.18,10.32,12.5
2025-06,578,92,05225-02132-00092,Unnayan Sangha (US),194,2.76,0.58,3.35,13.17,16.52
2025-06,579,113,01224-00043-00113,UNNAYAN,194,1.73,4.54,6.27,17.38,23.65
2025-06,580,484,02266-01415-00484,USHA,194,2.67,2.07,4.74,13.99,18.62
2025-06,581,632,01700-00203-00632,USHA BANGLADESH,194,1.53,0.52,2.05,22.71,24.76
2025-06,582,885,32021-00131-00885,Utsorgo Manob Kallayn Songstha,194,0.47,,0.47,12.36,12.83
2025-06,583,85,03747-00981-00085,Uttara Development Program Society (UDPS),194,0.79,4.41,5.2,9.41,14.61
2025-06,584,277,01366-02704-00277,Uttaran,194,4.44,1.86,6.3,8.07,14.37
2025-06,585,853,21112-00357-00853,VARSA,194,1.51,3.49,5.0,8.79,13.79
2025-06,586,351,00287-00086-00351,Village & City Development Society,194,4.4,0.7,5.09,8.5,13.59
2025-06,587,211,02229-00803-00211,Village Development Foundation (VDF),194,2.71,0.52,3.22,11.57,14.8
2025-06,588,17,01275-00523-00017,Village Education Resource Center (VERC),194,2.11,3.65,5.76,13.44,19.2
2025-06,589,665,01304-00730-00665,Voluntary Activities for Social & Human Advancement Foundation,195,1.25,1.1,2.35,11.86,14.2
2025-06,590,338,00010-00891-00338,Voluntary Association for Rural People,195,1.79,3.6,5.39,14.33,19.72
2025-06,591,230,01743-04193-00230,Voluntary Organization for Rural Development (VORD),195,1.54,0.03,1.57,12.44,14.01
2025-06,592,243,00029-00197-00243,VPKA Foundation,195,1.61,2.28,3.89,9.12,13.01
2025-06,593,23,04908-00607-00023,Wave Foundation,195,1.21,7.67,8.88,11.21,20.1
2025-06,594,656,04902-02805-00656,Women Job Creation Centre,195,1.99,0.38,2.37,17.92,20.09
2025-06,595,386,00036-03978-00386,World Concern Bangladesh,195,1.83,,1.83,14.33,16.16
2025-06,596,335,00299-01249-00335,Young Power in Social Action (YPSA),195,1.83,3.2,5.04,13.71,18.75
2025-06,597,551,04978-00711-00551,Young Women’s Christian Association of Bangladesh (YWCA),195,3.11,,3.11,13.03,16.14
2025-06,598,734,00056-01720-00734,Youth Initiative For Socio-Economic Activity,195,1.69,1.99,3.68,7.88,11.56
2025-06,599,337,00599-00018-00337,Zagoroni,195,1.83,1.08,2.91,18.42,21.83
2025-06,600,818,21112-00702-00818,Zilik Foundation (ZF),195,0.94,,0.94,26.03,26.96
