edition,serial,license_no,license_printed,name,page,rank_loan_outstanding,rank_loan_disbursement,rank_branches,rank_borrowers
2025-06,1,65,00488-00186-00065,BRAC,146,1,1,2,1
2025-06,2,100,00470-00538-00100,ASA,146,2,2,1,2
2025-06,3,288,00004-00394-00288,BURO Bangladesh,146,3,3,3,3
2025-06,4,105,00704-00470-00105,TMSS,146,4,4,4,4
2025-06,5,8,00322-01714-00008,Jagorani Chakra Foundation (JCF),146,5,6,7,7
2025-06,6,25,00645-01002-00025,Society for Social Service,146,6,5,6,5
2025-06,7,155,00251-00155(K)-155,Sajida Foundation (SF),146,7,7,12,10
2025-06,8,95,00181-00468-00095,Padakhep Manabik Unnayan Kendra (Padakhep),146,8,9,11,8
2025-06,9,263,00572-02517-00263,Bangladesh Extension Education Services (BEES),146,9,8,15,9
2025-06,10,18,00176-00059-00018,Shakti Foundation for Disadvantaged Women (Shakti Foundation),146,10,11,8,13
2025-06,11,3,00123-00848-00003,United Development Initiatives for Programmed Actions-(UDDIPAN),146,11,12,5,6
2025-06,12,312,00862-00387-00312,Palli Mongal Karmosuchi,146,12,13,14,19
2025-06,13,167,00349-01375-00167,Resource Integration Centre (RIC),146,13,14,10,12
2025-06,14,26,01372-00199-00026,Rural Reconstruction Foundation,146,14,17,16,25
2025-06,15,159,02150-01563-00159,Peoples Oriented Program Implementation (POPI),146,15,19,17,18
2025-06,16,273,02761-03196-00273,Gram Unnayan Karma (GUK),146,16,15,13,11
2025-06,17,600,00152-03135-00600,Proshika Manabik Unnayan Kendro,146,17,20,9,17
2025-06,18,97,00341-00727-00097,Centre for Development Innovation and Practices,146,18,16,22,22
2025-06,19,192,00143-00175-00192,RDRS Bangladesh,146,19,18,18,14
2025-06,20,369,02100-01985-00369,Dushtha Shasthya Kendra (DSK),146,20,10,19,15
2025-06,21,203,01059-03355-00203,Eco-Social Development Organization (ESDO),146,21,22,30,29
2025-06,22,45,01621-00534-00045,SKS Foundation,146,22,21,20,21
2025-06,23,96,01730-00149-00096,Ad-din Welfare Centre (Ad-din),146,23,23,24,16
2025-06,24,86,00350-01308-00086,Ambala Foundation,146,24,27,21,43
2025-06,25,145,00940-00304-00145,Prottyashi,146,25,24,33,24
2025-06,26,129,02578-01977-00129,Christian Service Society,146,26,26,23,20
2025-06,27,343,03665-02837-00343,Society Development Committee (SDC),147,27,29,44,37
2025-06,28,287,01151-00141-00287,Socio Economic Backing Association (SEBA),147,28,25,27,26
2025-06,29,28,00561-00657-00028,Page Development Centre,147,29,28,29,30
2025-06,30,23,04908-00607-00023,Wave Foundation,147,30,33,31,32
2025-06,31,154,01239-03336-00154,Society for Development Initiatives (SDI),147,31,32,43,36
2025-06,32,222,01229-00332-00222,National Development Programme (NDP),147,32,31,41,34
2025-06,33,747,00109-02243-00747,DAM FOUNDATION FOR ECONOMIC DEVELOPMENT,147,33,35,26,23
2025-06,34,103,01781-00048-00103,Community Development Centre (CODEC),147,34,30,34,28
2025-06,35,162,00935-00094-00162,PIDIM Foundation,147,35,36,39,52
2025-06,36,245,01032-01788-00245,Centre for Community Development Assistance (CCDA),147,36,34,49,39
2025-06,37,233,00165-01033-00233,Manabik Shahajya Sangstha (MSS),147,37,38,28,35
2025-06,38,141,00590-00236-00141,Desha Shechchashebi Artho-Samajik Unnayan O Manobik Kallyan Sangstha,147,38,39,54,42
2025-06,39,68,00956-04041-00068,COAST Foundation,147,39,40,37,33
2025-06,40,1,05136-00895-00001,Shishu Niloy Foundation,147,40,47,54,63
2025-06,41,229,03074-04616-00229,SDS (Shariatpur Development Society),147,41,42,53,53
2025-06,42,218,00927-01082-00218,Mamata,147,42,43,48,41
2025-06,43,258,01399-00645-00258,HEED Bangladesh,147,43,37,37,31
2025-06,44,150,06113-01586-00150,Samajik Sheba Shongothon,147,44,46,39,44
2025-06,45,184,00032-00286-00184,CARITAS Bangladesh,147,45,45,25,27
2025-06,46,17,01275-00523-00017,Village Education Resource Center (VERC),147,46,48,35,51
2025-06,47,249,01920-01872-00249,Integrated Development Foundation,147,47,41,42,40
2025-06,48,47,01300-00405-00047,Social Advancement Through Unity (SATU),147,48,49,46,50
2025-06,49,231,01420-01221-00231,JAKAS Foundation,147,49,44,50,47
2025-06,50,275,00552-01111-00275,Grameen Jano Unnayan Sangstha (GJUS),147,50,51,62,48
2025-06,51,24,01306-00480-00024,Development Initiative for Social Advancement (DISA),147,51,54,47,49
2025-06,52,346,01029-00170-00346,Bastob- Initiative for Peoples Self Development,147,52,57,57,71
2025-06,53,111,01076-00719-00111,Society for Family Happiness & Prosperity,148,53,52,35,45
2025-06,54,307,00521-00022-00307,PRISM Bangladesh Foundation,148,54,58,67,80
2025-06,55,183,01271-01016-00183,Gram Bikash Kendra,148,55,50,58,46
2025-06,56,532,01826-01668-00532,Socio Economic Health Education Organization,148,56,53,50,38
2025-06,57,186,02428-03744-00186,Organization for Social Advancement & Cultural Activities (OSACA),148,57,64,73,56
2025-06,58,335,00299-01249-00335,Young Power in Social Action (YPSA),148,58,56,58,57
2025-06,59,403,00768-00647-00403,Gono Unnayan Prochesta,148,59,55,72,72
2025-06,60,85,03747-00981-00085,Uttara Development Program Society (UDPS),148,60,63,45,59
2025-06,61,422,00046-00327-00422,Naria Unnayan Samity (NUSA),148,61,62,82,86
2025-06,62,147,00219-01524-00147,Gono Kallyan Trust,148,62,65,74,66
2025-06,63,240,00563-00229-00240,Mousumi,148,63,59,91,93
2025-06,64,190,00529-03996-00190,Pally Bikash Kendra (PBK),148,64,60,62,68
2025-06,65,49,03033-03265-00049,SETU,148,65,68,52,55
2025-06,66,178,00474-00243-00178,Paribar Unnayan Sangstha (FDA),148,66,61,88,64
2025-06,67,116,01514-02005-00116,Noakhali Rural Development Society,148,67,66,60,54
2025-06,68,405,02814-03211-00405,ARS-Bangladesh (ARS-BD),148,68,67,56,94
2025-06,69,200,00609-01019-00200,Ashrai,148,69,69,32,91
2025-06,70,160,00399-01209-00160,Ghashful,148,70,70,70,62
2025-06,71,135,01508-00703-00135,Program for Community Development (PCD),148,71,77,78,90
2025-06,72,345,01519-00587-00345,Nowabenki Gonomukhi Foundation,148,72,73,84,60
2025-06,73,34,00969-00226-00034,ATMABISWAS,148,73,76,86,70
2025-06,74,158,01045-00591-00158,Nabolok Parishad,148,74,84,84,65
2025-06,75,248,00978-00986-00248,Proyas Manobik Unnayan Society,148,75,71,61,58
2025-06,76,6,03073-00100-00006,Samadhan,148,76,80,94,97
2025-06,77,303,00711-00027-00303,Alternative Development Initiative (ADI),148,77,81,79,73
2025-06,78,278,01421-02528-00278,Joypurhat Rural Development Movement (JRDM),148,78,72,94,78
2025-06,79,279,01874-02086-00279,Society for Project Implementation Research Evaluation & Training (SOPIRET),149,79,78,71,87
2025-06,80,21,00947-00710-00021,Dabi Moulik Unnayan Sangstha,149,80,74,88,83
2025-06,81,423,01688-00841-00423,Friends in Village Development Bangladesh,149,81,91,100,61
2025-06,82,188,03782-00958-00188,SANGRAM (Sangathita Gramunnyan Karmasuchi),149,82,82,74,75
2025-06,83,101,01648-01342-00101,Pabna Protishsruti,149,83,86,88,85
2025-06,84,225,00895-00696-00225,Satkhira Unnayan Sangstha (SUS),149,84,79,68,69
2025-06,85,207,01116-00072-00207,Shataphool Bangladesh,149,85,85,79,82
2025-06,86,276,01180-01615-00276,Ahead Social Organization (ASO),149,86,75,94,89
2025-06,87,374,00193-00028-00374,Rural Development Sangstha (RDS),149,87,87,82,76
2025-06,88,14,00161-00209-00014,Social Upliftment Society (SUS),149,88,88,74,84
2025-06,89,305,01490-00330-00305,Bandhu Kallyan Foundation,149,89,95,91,104
2025-06,90,237,01121-00835-00237,Dak Diye Jai,149,90,90,86,96
2025-06,91,91,03730-01746-00091,Gana Unnayan Kendra (GUK),149,91,97,64,95
2025-06,92,308,02630-02645-00308,Self-Help & Rehabilitation Programme (SHARP),149,92,99,94,74
2025-06,93,280,02178-00214-00280,Palli Progoti Shahayak Samity,149,93,94,68,79
2025-06,94,266,00791-01632-00266,Daridra Bimochon Shangstha (DBS),149,94,93,101,77
2025-06,95,762,21112-00001-00762,Manab Mukti Sangstha,149,95,83,102,67
2025-06,96,53,05318-00561-00053,Shapla Gram Unnayan Sangstha,149,96,89,107,108
2025-06,97,33,00654-00234-00033,Dwip Unnayan Sangstha,149,97,102,102,107
2025-06,98,438,03423-02757-00438,Faridpur Development Agency (FDA),149,98,92,159,92
2025-06,99,16,00558-00067-00016,BEDO,149,99,100,109,118
2025-06,100,363,03703-01005-00363,Mohila Bohumukhi Shikkha Kendra (Mohila Bohumukhi Shikkha Kendra),149,100,101,109,100
2025-06,101,221,00826-00499-00221,Centre for Advanced Research and Social Action,149,101,106,143,144
2025-06,102,11,01294-02087-00011,Sojag,149,102,113,195,157
2025-06,103,63,01101-02096-00063,Sheva Nari O Shishu Kallyan Kendra,149,103,103,129,99
2025-06,104,61,02408-01107-00061,New Era Foundation,149,104,104,143,112
2025-06,105,62,01680-00763-00062,Habiganj Unnayan Sangstha (HUS),150,105,105,159,146
2025-06,106,468,02516-01291-00468,Shiropa Development Society,150,106,114,129,125
2025-06,107,10,01834-00654-00010,CARSA Foundation,150,107,115,102,128
2025-06,108,866,00171-00155-00866,Bangladesh Fellowship Foundation,150,108,122,91,106
2025-06,109,161,00336-00260-00161,Grameen Progress,150,109,108,94,98
2025-06,110,58,00527-00392-00058,Association for Under-Privileged People-AUP,150,110,112,137,165
2025-06,111,368,02764-00738-00368,Muslim Aid-Bangladesh,150,111,109,79,117
2025-06,112,295,02636-03667-00295,Christian Commission for Development in Bangladesh,150,112,111,119,176
2025-06,113,239,00675-01941-00239,Srizony Foundation,150,113,126,65,122
2025-06,114,44,00014-00052-00044,Social And Economic Enhancement Programme-Seep,150,114,118,102,119
2025-06,115,82,00729-00046-00082,Samaj Unnayan Kendra (SUK),150,115,110,164,158
2025-06,116,542,00952-00132-00542,Social Assistance and Rehabilitation for the Physically Vulnerable,150,116,107,169,132
2025-06,117,435,00772-03919-00435,United Social Human Advancement Foundation (USHA),150,117,149,74,81
2025-06,118,57,01403-01118-00057,Unnayan Prochesta (UP),150,118,98,134,121
2025-06,119,201,02830-03273-00201,Grameen Manobic Unnayan Sangstha (GRAMAUS),150,119,124,129,113
2025-06,120,793,21112-00042-00793,PROGRAMMES FOR PEOPLES DEVELOPMENT (PPD),150,120,128,143,141
2025-06,121,69,03164-00606-00069,Palashipara Samaj Kallayan Samity (PSKS),150,121,123,126,115
2025-06,122,113,01224-00043-00113,UNNAYAN,150,122,129,102,105
2025-06,123,355,03160-02702-00355,Bangladesh Development Society (BDS),150,123,120,117,110
2025-06,124,340,02908-03316-00340,Bangladesh Ignite Youth Society (BIYS),150,124,117,99,111
2025-06,125,272,00908-00278-00272,Mukti Cox’sbazar,150,125,121,109,129
2025-06,126,450,01465-02227-00450,Modern Development Organization (MDO),150,126,119,143,136
2025-06,127,138,00858-00806-00138,Rova Foundation,150,127,127,143,138
2025-06,128,302,00452-03124-00302,South Asia Partnership Bangladesh (SAP-BD),150,128,125,122,124
2025-06,129,313,01572-00660-00313,Pollisree,150,129,116,143,114
2025-06,130,333,01573-00559-00333,Samakal Samaj Unnayan Sangstha (SSUS ),150,130,140,143,145
2025-06,131,467,03032-02138-00467,Aso Gori Unnayan Sangstha (AGUS),151,131,136,122,139
2025-06,132,429,00924-00476-00429,Resource Development Foundation (RDF),151,132,157,66,103
2025-06,133,470,05305-00792-00470,AVA Development Society,151,133,131,134,163
2025-06,134,379,00044-00204-00379,BNPS Microfi nance Trust,151,134,134,143,109
2025-06,135,328,03446-01309-00328,Banchte Shekha (BS),151,135,153,108,143
2025-06,136,209,00728-00812-00209,Focus Society,151,136,132,143,133
2025-06,137,169,01973-02543-00169,Progress (Akti Samaj nnayanmulak Sangstha),151,137,139,122,135
2025-06,138,331,00208-05115-00331,Palli Shishu Foundation of Bangladesh,151,138,130,137,155
2025-06,139,234,02798-00553-00234,Bangla-German Sampreeti (BGS),151,139,133,129,127
2025-06,140,197,02223-01083-00197,Palli Pragati Samity,151,140,138,143,148
2025-06,141,309,01404-00160-00309,KPUS (Kushtia Palli Unnayan Sangstha),151,141,144,177,152
2025-06,142,80,01132-00227-00080,Basic Organization Network for Development and Humanitarian Aid for Nation (BONDHAN),151,142,155,188,179
2025-06,143,107,00571-00090-00107,Poverty Alleviation Through Participatory Rural Initiatives (PAPRI),151,143,137,117,140
2025-06,144,306,01119-00936-00306,Muktipath Unnayan Kendra,151,144,150,143,116
2025-06,145,102,01672-00390-00102,Association for Advancement & Development,151,145,159,134,126
2025-06,146,243,00029-00197-00243,VPKA Foundation,151,146,143,164,131
2025-06,147,177,00339-03482-00177,Al-Falah Aam Unnayan Sangstha (AFAUS),151,147,135,143,123
2025-06,148,31,01109-00117-00031,ENDEAVOUR(Ensure Development Activities for Vulnerable Under Privileged Rural People),151,148,146,159,161
2025-06,149,661,01613-01081-00661,Amra Kaj Kory(AKK),151,149,142,177,175
2025-06,150,386,00036-03978-00386,World Concern Bangladesh,151,150,151,114,159
2025-06,151,134,00245-02077-00134,Aungkur Palli Unnayan Kendra,151,151,147,188,164
2025-06,152,358,01079-03171-00358,Centre for Rehabilitation Education Earning Development (CREED),151,152,161,122,167
2025-06,153,108,03260-01158-00108,Aloha Social Services Bangladesh (ASSB),151,153,148,169,149
2025-06,154,180,02858-00277-00180,Gram Unnayan Karjakram (GRAUK),151,154,145,177,88
2025-06,155,217,00512-00608-00217,Come to Work-CTW,151,155,152,195,153
2025-06,156,42,02015-00479-00042,Association for Rural Advancement in Bangladesh (ARAB),151,156,163,157,154
2025-06,157,235,05910-03762-00235,Voluntary Organization for Social Development (VOSD),151,157,162,127,102
2025-06,158,339,03352-01574-00339,Manab Seba Ovijan,151,158,166,207,183
2025-06,159,265,00684-02909-00265,ACTION FOR HUMAN DEVELOPMENT ORGANIZATION AHDO,151,159,165,159,160
2025-06,160,351,00287-00086-00351,Village & City Development Society,151,160,183,137,130
2025-06,161,170,02047-00565-00170,Centre for Action Research-Barind (CARB),151,161,154,109,170
2025-06,162,232,02060-01912-00232,Anando,151,162,156,129,187
2025-06,163,261,00649-00380-00261,Patakuri Society,151,163,158,199,142
2025-06,164,326,00244-00343-00326,Jugabani Samaj Kallayan Sangstha (JSKS),151,164,173,137,151
2025-06,165,212,02461-01449-00212,Sachetan Society (SS),151,165,141,169,172
2025-06,166,517,01469-02078-00517,HOPE,151,166,164,226,219
2025-06,167,560,00291-02364-00560,Bangladesh Association for Community Education (BACE),151,167,171,177,177
2025-06,168,551,04978-00711-00551,Young Women’s Christian Association of Bangladesh (YWCA),151,168,185,195,171
2025-06,169,112,00990-01573-00112,Centre for Natural Resource Studies,151,169,167,157,147
2025-06,170,214,02257-03643-00214,Community Development And Health Care Centre (CDHC),152,170,168,215,200
2025-06,171,314,01620-02596-00314,OPCA ( Organization for the Poor Community Advancement),152,171,170,177,188
2025-06,172,51,01230-00434-00051,Samannita Unnayan Seba Sangathan (SUSS),152,172,172,215,186
2025-06,173,383,00277-04240-00383,Palli Bhandhu Unnayan Sangstha,152,173,239,114,162
2025-06,174,139,02489-00089-00139,Nazir (Natun Zibon Rochi),152,174,169,215,173
2025-06,175,349,00681-04542-00349,"DIPSHIKHA Non-Formal Education, Training and Research Society for Village Development",152,175,160,226,197
2025-06,176,803,21112-00002-00803,Social Safety Net Foundation,152,176,179,215,323
2025-06,177,277,01366-02704-00277,Uttaran,152,177,233,114,137
2025-06,178,130,02008-02954-00130,Association for Development Activity of Manifold Social Work (ADAMS Foundation),152,178,191,188,134
2025-06,179,765,21112-01180-00765,SONAR BANGLA POLLI UNNAYAN SANGSTHA,152,179,178,169,174
2025-06,180,146,00429-00140-00146,Association for Integrated Development-Comilla (AID-Comilla),152,180,176,215,207
2025-06,181,98,00074-00002-00098,CHIRONTONI,152,181,174,143,166
2025-06,182,620,05948-03390-00620,Social Development Association - Comilla (SDA- Comilla),152,182,186,236,233
2025-06,183,185,01795-01411-00185,Development Organisation of the Rural Poor (DORP),152,183,181,164,201
2025-06,184,370,03647-01306-00370,PROKAS (Proshikkan Karmasangsthan O Artha-Samajic Unnayan Sangstha),152,184,189,266,258
2025-06,185,407,00314-02594-00407,Normisjon Bangladesh,152,185,177,188,195
2025-06,186,206,02453-02558-00206,Rural Economic Support & Care for the Under Privileged (RESCUE),152,186,175,226,190
2025-06,187,395,00331-01733-00395,Banaful Social Welfare Organization (BSWO),152,187,196,490,212
2025-06,188,448,00167-00284-00448,Grameen Motsho O Pashusampad Foundation (GMPF),152,188,198,137,182
2025-06,189,298,00353-02761-00298,Annaya Samaj Kallyan Sangstha (ASKS),152,189,190,119,169
2025-06,190,378,02867-00786-00378,Nishkriti,152,190,187,188,178
2025-06,191,210,00021-00760-00210,Polly Sheba Shangstha(PSS),152,191,182,286,214
2025-06,192,501,00424-00341-00501,ANTAR Society for Development,152,192,195,109,189
2025-06,193,418,01361-00347-00418,Noble Education & Literary Society,152,193,180,251,194
2025-06,194,204,01616-01384-00204,Poor Welfare Organization (PWO),152,194,184,286,229
2025-06,195,672,00648-01479-00672,Agragati Seba Sangstha (A S S),152,195,197,137,203
2025-06,196,694,00732-03883-00694,Disa Bangladesh,153,196,216,177,150
2025-06,197,194,00987-00690-00194,Prodipan,153,197,194,169,180
2025-06,198,67,03457-02024-00067,Manob Sakti Unnayan Kendro (MSUK),153,198,193,207,191
2025-06,199,66,01482-00179-00066,Association For Realisation of Basic Needs-ARBAN,153,199,188,159,202
2025-06,200,284,04791-03146-00284,Notun Shathi,153,200,96,236,230
2025-06,201,164,00104-03016-00164,Association for Socio-Economic Advancement of Bangladesh (ASEAB),153,201,192,251,210
2025-06,202,642,06035-01175-00642,Organization-for-the Poor Advancement Committee (OPAC),153,202,221,236,237
2025-06,203,361,00929-04366-00361,CEDAR (Concern for Environmental Development and Research),153,203,199,207,208
2025-06,204,283,05797-03838-00283,Society for Action Research and Development,153,204,209,177,184
2025-06,205,262,01565-00555-00262,Rural Development and Welfare Foundation,153,205,202,215,235
2025-06,206,772,21112-00384-00772,JANO UNNAYAN FOUNDATION,153,206,208,207,222
2025-06,207,408,00663-02220-00408,Jana Kalyan Sangha (JKS),153,207,201,177,204
2025-06,208,88,01910-00250-00088,Social Earn Baking Advancement (SEBA),153,208,206,321,239
2025-06,209,40,01570-00073-00040,Barendrabhumi Samaj Unnyan Sangstha (BSDO),153,209,204,286,221
2025-06,210,189,05774-00474-00189,Agragati,153,210,227,266,240
2025-06,211,623,01398-01622-00623,Poor Relief Services & Health Assistance Society,153,211,205,321,263
2025-06,212,812,21112-00537-00812,Association for Peoples Development Stream (APDS),153,212,203,188,215
2025-06,213,483,00131-02952-00483,Basoti Shomaj O Poribesh Unnayon Foundation (Basoti),153,213,215,226,248
2025-06,214,781,21112-00018-00781,Basic Aid for Local Action King Association (BALAKA),153,214,219,352,310
2025-06,215,843,21112-0295-00843,Rishi Foundation,153,215,226,199,168
2025-06,216,224,00696-01519-00224,Sabalamby Unnayan Samity,153,216,214,143,218
2025-06,217,35,01222-00357-00035,Khulna Mukti Seba Sangstha (KMSS),153,217,211,199,206
2025-06,218,20,02234-00389-00020,Prottoy Unnayan Sangstha (Prottoy),153,218,212,266,252
2025-06,219,327,03227-00309-00327,Step Towards Empowerment of the Poor,153,219,223,226,226
2025-06,220,523,01152-01809-00523,Training Assistance & Rural Advancement Non-Govt. Organization (Tarango),153,220,222,266,304
2025-06,221,118,01886-01501-00118,IDEAL (Institute of evelopment Education for Advancement of Landless),153,221,218,188,193
2025-06,222,38,00345-00075-00038,SHUSHILAN,154,222,228,177,213
2025-06,223,181,00657-02312-00181,Environment & Agricultural Development Association (EADA),154,223,213,215,205
2025-06,224,195,03606-00904-00195,Gandhi Ashram Trust,154,224,220,226,267
2025-06,225,410,02535-00745-00410,Bandhan Sangstha,154,225,207,199,217
2025-06,226,41,00396-01811-00041,Support for Rural Advancement Society,154,226,264,119,299
2025-06,227,56,00307-02179-00056,Association for Renovation of Community Health Education Services (ARCHES),154,227,210,226,283
2025-06,228,796,21112-00573-00796,Barendra Economic Development Organization (BEDO),154,228,225,207,199
2025-06,229,329,01164-02190-00329,Unnayan Sahayak Sangstha (USS),154,229,200,266,185
2025-06,230,84,00015-00125-00084,Bangladesh Institute of Research & Development (BIRD),154,230,234,236,261
2025-06,231,621,00428-01937-00621,Tekshoi Unnayan Sangstha (TUS),154,231,247,199,181
2025-06,232,724,03016-00167-00724,Development Activities of Society-DAS,154,232,224,286,293
2025-06,233,602,02837-01724-00602,Nirapad Islami Gram Unnayan Sangstha (NIGUS),154,233,217,352,289
2025-06,234,416,00090-01828-00416,Perfect Development Foundation,154,234,229,286,257
2025-06,235,371,04086-04801-00371,Self-Employment for Rural Destitute Women Through Cottage industries (SERWTCI),154,235,516,164,120
2025-06,236,13,01342-00771-00013,Charcha,154,236,236,226,266
2025-06,237,74,02107-00182-00074,Rajshahi Social Development Program (RSDP),154,237,237,251,271
2025-06,238,838,21112-0809-00838,Samahar-Woman And Child Development Society (Samahar),154,238,262,321,232
2025-06,239,814,21112-00509-00814,Seed Program of Grameen Society,154,239,230,164,211
2025-06,240,540,02418-00176-00540,Kakon Bahumuki Unnayan Songstha (KBUS),154,240,232,251,246
2025-06,241,627,00257-00066-00627,People’s Welfare Foundation,154,241,231,286,315
2025-06,242,753,05060-04245-00753,Advanced Society for Any Research & Active Life Oriented Work,154,242,246,411,375
2025-06,243,671,04781-01544-00671,Alor Nir Somity (A N S),154,243,245,321,337
2025-06,244,699,01822-02985-00699,Technical Assistance For Rural Development,154,244,235,266,306
2025-06,245,79,00091-00396-00079,Association of Development for Economic & Social Help (ADESH),154,245,251,236,256
2025-06,246,727,07086-04175-00727,AGROGAMI UNNAYAN SANGASTHA(AGROGAMI),154,246,250,321,325
2025-06,247,473,01849-01564-00473,Parashmoni Samajik Unnayan Sangstha,154,247,242,321,299
2025-06,248,127,01173-01986-00127,Assistance for Social Organization and Development -ASOD,155,248,480,226,101
2025-06,249,481,01268-01551-00481,Bahumukhi Desh Unnayan Sangsad,155,249,273,490,440
2025-06,250,337,00599-00018-00337,Zagoroni,155,250,249,321,313
2025-06,251,708,02424-04685-00708,Agraha Unnayan Sangstha,155,251,254,251,223
2025-06,252,630,01794-01127-00630,Disabled Rehabilitation and Research Association (DRRA),155,252,256,251,224
2025-06,253,476,03853-01807-00476,Stitching Land Ontwikkelings Project Bangladesh,155,253,244,266,273
2025-06,254,365,01425-00165-00365,Centre for Mass Education in science,155,254,241,177,228
2025-06,255,528,05346-03315-00528,Bhagya Unnayan Shangstha,155,255,248,286,249
2025-06,256,526,02946-04128-00526,Shalom,155,256,257,127,234
2025-06,257,583,02593-01229-00583,Center for Rural Service Society (C.R.S.S),155,257,268,286,245
2025-06,258,721,02073-00518-00721,Local Development Program (LDP),155,258,259,352,390
2025-06,259,354,04153-01588-00354,Banglar Mela Sangstha (BMS),155,259,286,266,302
2025-06,260,453,00810-00012-00453,Participatory Development Organization (PDO),155,260,253,352,339
2025-06,261,791,21112-01034-00791,Development Initiative for Human Advancement (DIHA),155,261,240,236,268
2025-06,262,250,00369-00813-00250,Development for Society,155,262,270,266,386
2025-06,263,310,02487-00630-00310,Janoseba,155,263,243,286,280
2025-06,264,785,21112-00211-00785,Pous Foundation,155,264,265,321,318
2025-06,265,660,02678-04178-00660,North Bengal Rural Development Society (NRDS),155,265,238,321,284
2025-06,266,665,01304-00730-00665,Voluntary Activities for Social & Human Advancement Foundation,155,266,260,352,259
2025-06,267,460,00926-01517-00460,Shanti Preyo Sangstha (spsorg),155,267,302,236,317
2025-06,268,611,00018-00267-00611,RISDA- Bangladesh,155,268,280,236,281
2025-06,269,321,00669-03433-00321,Ansar Ali Foundation for Integrated Development (AAFID),155,269,266,286,294
2025-06,270,352,02640-01133-00352,Niskrity Foundation,155,270,258,207,216
2025-06,271,48,01987-01454-00048,Progoti Samajkallyan Sangstha (PSS),155,271,282,321,330
2025-06,272,267,02373-04595-00267,Suchana Samaj Unnayan Sangstha,155,272,283,266,247
2025-06,273,390,03155-02577-00390,Report for Development Society (RDS),155,273,305,266,285
2025-06,274,823,21112-00170-00823,Northern Development Foundation-NDF,156,274,303,251,241
2025-06,275,325,02676-02019-00325,Aushgara Unnayan Sangstha,156,275,263,411,279
2025-06,276,319,05744-04167-00319,Society For Advancement Of Rural Areas (SARA),156,276,276,286,270
2025-06,277,554,00094-01095-00554,Palli Karma Unnayan Sangstha (PKUS),156,277,345,286,265
2025-06,278,675,02611-01592-00675,Nirapod Samaj (NS),156,278,287,321,326
2025-06,279,534,01278-03047-00534,Society for Social Advancement of Rural People,156,279,323,266,242
2025-06,280,144,00192-01282-00144,Jugantar Samaj Unnayan Sangstha (JSUS),156,280,274,286,348
2025-06,281,452,02802-01664-00452,Grameen Samaj Unnayan Sangstha,156,281,281,177,244
2025-06,282,678,02991-02053-00678,SHESO(Organization Of Social Health Education & Sanitation),156,282,255,321,196
2025-06,283,835,21112-01126-00835,Seba Foundation,156,283,252,169,254
2025-06,284,104,00624-01711-00104,Young Economic Society (YES),156,284,540,215,322
2025-06,285,590,00845-01185-00590,Social Development Organization (SDO),156,285,272,411,359
2025-06,286,813,21112-00465-00813,DEVELOPMENT INSTITUTE FOR SOCIAL AND HUMAN AFFAIRS (DISHA),156,286,292,490,156
2025-06,287,809,21112-00038-00809,Kapasia Polliseba Shishiu O Protibandhi Foundation (kpspf),156,287,271,236,350
2025-06,288,409,02117-01261-00409,Sangkalpa Trust (ST),156,288,261,169,282
2025-06,289,50,01638-01520-00050,Jagrata Juba Shangha (JJS),156,289,307,321,277
2025-06,290,531,06344-01621-00531,Social Development Association,156,290,357,236,298
2025-06,291,499,01758-02082-00499,Gram Bikash Sangstha (GBS),156,291,284,286,311
2025-06,292,688,05267-02974-00688,Seba Artha Samajik Unnayan Sangstha,156,292,403,352,366
2025-06,293,216,01359-03407-00216,"Shishu Sasthya Foundation, Bangladesh",156,293,299,251,225
2025-06,294,19,00280-00080-00019,Bridge M.F.I,156,294,582,195,192
2025-06,295,484,02266-01415-00484,USHA,156,295,267,251,243
2025-06,296,685,01740-01729-00685,Bangladesh Agricultural Working Peoples Association (BAWPA),156,296,314,266,238
2025-06,297,255,00751-00623-00255,Poverty Alleviation Drive (PADT),156,297,275,286,321
2025-06,298,871,21112-00893-00871,COUNTRY AND HUMAN DEVELOPMENT SOCIETY (CHDS),156,298,316,215,231
2025-06,299,555,01509-00458-00555,Crescent,156,299,319,286,264
2025-06,300,39,00670-00643-00039,Organization for Social and Economical Development (OSED),157,300,279,286,272
2025-06,301,173,00273-03453-00173,Eskander Welfare Foundation (EWF),157,301,289,215,305
2025-06,302,12,00198-00021-00012,Bajitpur Rural Advancement Society (BRAS),157,302,277,236,251
2025-06,303,774,21112-00583-00774,Light House,157,303,269,286,312
2025-06,304,27,02854-01466-00027,DRISHTIDAN,157,304,285,352,292
2025-06,305,289,00615-03147-00289,Sammannita Samaj Unnayan Sangstha (ICDA),157,305,278,236,303
2025-06,306,514,00697-02433-00514,Namuja Orthonoitik Unnayan Sangstha (NEDO),157,306,346,286,275
2025-06,307,132,04487-01682-00132,Karmarjan,157,307,297,251,286
2025-06,308,824,21112-00187-00824,Alor Disha Foundation,157,308,306,251,209
2025-06,309,73,01865-02314-00073,ADRSO Shomaj Kallyan Sangstha (ADRSO),157,309,294,490,269
2025-06,310,431,05518-04426-00431,Bangladesh Association for Sustainable Development (BASD),157,310,290,199,253
2025-06,311,296,01626-00704-00296,Blind Education and Rehabilitation Development Organization (BERDO),157,311,300,352,335
2025-06,312,780,21112-00433-00780,Chetona Manobik Unnayan Sangstha,157,312,313,286,376
2025-06,313,624,03812-00620-00624,Centre for Integrated Programme & Development (CIPD),157,313,318,286,365
2025-06,314,388,01771-03222-00388,Abdul Momen Khan Memorial Foundation (Khan Foundation),157,314,304,490,342
2025-06,315,90,00313-00543-00090,Palli Bandhan Kendra,157,315,293,321,320
2025-06,316,884,32021-00049-00884,Nobojatra Manobik Unnayan Sangstha,157,316,301,286,327
2025-06,317,829,21112-00498-00829,Apon (Artho Samajik Unnyon Songstha),157,317,295,321,309
2025-06,318,797,21112-00154-00797,HUMANITARIAN AID FOR RURAL DEVELOPMENT SOCIETY,157,318,348,207,250
2025-06,319,535,01489-03241-00535,Nirman Sangathan (NS),157,319,296,490,392
2025-06,320,297,01996-00602-00297,Sthanio Unnayan Sangstha,157,320,320,321,336
2025-06,321,622,00566-00036-00622,Poribar Unnayon Foundation (FDF),157,321,309,286,332
2025-06,322,761,21112-00214-00761,IDEAL KARMA SHAHAOK FOUNDATION,157,322,288,352,341
2025-06,323,491,06028-02305-00491,Development Organization of Rural Peoples (DOORP),157,323,363,352,380
2025-06,324,651,00678-00342-00651,Mirzapur Paribesh Unnayan Foundation,157,324,392,266,296
2025-06,325,737,02066-00241-00737,PANJERI SWAMAJ UNNAYAN SANGSTHA (PSUS),157,325,312,411,458
2025-06,326,653,02370-00151-00653,Tarana Trust,158,326,291,411,343
2025-06,327,640,00827-01334-00640,Rural Youth Development Organization (RYDO),158,327,326,411,334
2025-06,328,868,21112-00200-00868,Dinajpur Polli Unnayan Prochesta (D.P.U.P),158,328,322,411,308
2025-06,329,725,04193-01952-00725,ANANDA SAMAJ UNNAYAN SHANGSTHA,158,329,569,286,288
2025-06,330,426,00256-03650-00426,Shawdesh Unnayan Kendra-SUK,158,330,330,411,355
2025-06,331,338,00010-00891-00338,Voluntary Association for Rural People,158,331,308,236,340
2025-06,332,692,03012-02315-00692,Rural Advancement Committee (RAC),158,332,377,352,370
2025-06,333,749,04532-02311-00749,Satkhira Manob Unnayan Sangstha,158,333,327,352,276
2025-06,334,756,03229-01099-00756,Dustha Manobatar Seba Sangstha (DMSS),158,334,329,321,301
2025-06,335,520,01882-01666-00520,Pathokoli Sangstha,158,335,298,411,262
2025-06,336,662,05619-01326-00662,Chatihati Nabo Uddipon Songgo,158,336,337,352,385
2025-06,337,784,21112-00253-00784,JOYOTI SOCIETY,158,337,328,286,307
2025-06,338,7,02693-01298-00007,Integrated Service for Development of Children & Mothers (ISDCM),158,338,315,236,338
2025-06,339,566,01053-01207-00566,New Initiative for Empowerment of the Poor,158,339,373,411,346
2025-06,340,166,01510-00598-00166,Nobo Jibon,158,340,341,286,236
2025-06,341,436,01457-00321-00436,Association for Women Empowerment and Child Right’s (AWAC),158,341,317,352,329
2025-06,342,745,03693-03523-00745,Gender and Environment Management Society (GEMS),158,342,333,352,414
2025-06,343,895,32021-00057-00895,South Bangla Polli Sangstha,158,343,311,286,364
2025-06,344,439,03596-01741-00439,Proyash Unnayan Sangstha,158,344,367,286,297
2025-06,345,126,02819-01137-00126,Pariber O Shishu Kallyan Kendra,158,345,324,321,255
2025-06,346,440,01667-00832-00440,Palli Unnayan Parishad (PUP),158,346,394,321,360
2025-06,347,458,03072-01354-00458,Bangladesh Grameen Seba Sangstha,158,347,331,352,354
2025-06,348,220,01284-00322-00220,Doel (Development Organisation for Equity & Love),158,348,362,352,319
2025-06,349,571,00688-00122-00571,ALAP- Association for Landless and Poor,158,349,334,352,427
2025-06,350,700,06220-04807-00700,Joutha Unnayan Prochesta (JUP),158,350,335,490,356
2025-06,351,807,21112-00106-00807,People’s Development Foundation (PDF),158,351,351,199,220
2025-06,352,650,04833-04519-00650,Gonoshasthaya Kendra (GK),159,352,354,207,291
2025-06,353,70,00454-00263-00070,BIVA,159,353,374,321,333
2025-06,354,530,01689-01092-00530,Seba Environment Development Society,159,354,347,411,376
2025-06,355,865,21112-00669-00865,SABUJ BANGLA ARTHO SAMAJIK UNNAYAN SANGSTHA,159,355,379,321,328
2025-06,356,406,01863-00447-00406,Adarsho Manob Kallyan Sangha,159,356,371,490,430
2025-06,357,894,32021-00881-00894,Action for Community Development,159,357,325,411,397
2025-06,358,596,03904-00198-00596,Grameen Jono Unnayan Sangstha,159,358,321,411,401
2025-06,359,847,21112-00909-00847,Dustha Manab Unnayan Society (DMUS),159,359,339,352,443
2025-06,360,60,01539-01289-00060,Social Organization for children & Nation (Soochana),159,360,338,352,432
2025-06,361,782,21112-00404-00782,NOOR FOUNDATION BANGLADESH,159,361,332,236,314
2025-06,362,478,04097-03718-00478,Rural & Urban People’s Association (RUPA),159,362,352,411,421
2025-06,363,424,02168-04123-00424,Socio Economic Development Agency (SEDA),159,363,439,266,278
2025-06,364,421,01405-00926-00421,Protiggya Parishad,159,364,355,490,597
2025-06,365,465,00560-00262-00465,Society for Development of Self Reliance in Bangladesh,159,365,375,352,394
2025-06,366,888,32021-00521-00888,BASONA JANAKALYAN SANGSTHA (BJS),159,366,343,321,465
2025-06,367,739,01191-02411-00739,BANGLADESH HEALTH AND EDUCATION DEVELOPMENT SOCIETY,159,367,356,352,400
2025-06,368,432,00964-00780-00432,Rural Economic Development Aid Society (REDAS),159,368,383,490,382
2025-06,369,668,01388-01705-00668,Shikha Samaj Kalyan Sangstha,159,369,361,411,478
2025-06,370,330,00829-02739-00330,BASCO Foundation,159,370,410,352,382
2025-06,371,205,05464-01825-00205,Sobuj Bangla,159,371,399,411,450
2025-06,372,505,02288-00609-00505,Peoples Development Society (PDS),159,372,344,286,425
2025-06,373,795,21112-00164-00795,MOHISHBATHAN SAMAJ KALLAYAN SAMITI,159,373,364,411,398
2025-06,374,511,00455-00189-00511,Grameen Alo,159,374,368,266,260
2025-06,375,644,01612-01383-00644,Benefi ciary’s Friendship Forum (B.F.F),159,375,340,490,444
2025-06,376,776,21112-00249-00776,Grameen Samajik Unnayan Foundation (RSDF),159,376,398,411,479
2025-06,377,821,21112-00378-00821,DIPTI SHOMAJ UNNOYAN SANGSTHA,159,377,386,352,423
2025-06,378,506,00996-00096-00506,CLOG (Children Life Organization of Genus),160,378,350,490,441
2025-06,379,619,00016-03290-00619,Sammilon Foundation (SF),160,379,358,286,406
2025-06,380,698,05400-01060-00698,Supta Protiva Bikash Sangstha,160,380,389,411,439
2025-06,381,211,02229-00803-00211,Village Development Foundation (VDF),160,381,447,251,274
2025-06,382,522,01665-00147-00522,Gazipur Unnayan Sangstha (GUS),160,382,440,490,558
2025-06,383,798,21112-00041-00798,DUSTHO MOHILA SANGSTHA,160,383,342,411,415
2025-06,384,897,32021-00035-00897,Narayanganj Nari O Gram Unnayan Foundation (NGUF),160,384,336,286,344
2025-06,385,569,04329-01672-00569,Gono Unnayan Sangstha,160,385,418,490,421
2025-06,386,833,21112-00034-00833,S T R Foundation,160,386,388,490,405
2025-06,387,559,01259-00750-00559,Swadesh Unnayan Sangstha- Gopalgonj (SUSG),160,387,395,411,420
2025-06,388,37,01235-00619-00037,Palli Samonnaya O Shikkha Kallyan Parishad (Pasashik Parsad),160,388,385,266,357
2025-06,389,794,21112-00406-00794,Palli Seba Sangha (PSS),160,389,349,490,409
2025-06,390,586,00295-00985-00586,Moulik Babosthapona Sangstha (BMS),160,390,397,411,418
2025-06,391,392,02475-01522-00392,Noakhali Rural Action Society (N- RAS),160,391,390,411,449
2025-06,392,825,21112-00879-00825,INTEGRATED SOCIAL SERVICE OF PEOPLES ADVANCEMENT (ISSPA),160,392,382,352,413
2025-06,393,674,00760-01412-00674,Shamoli Polli Unnayan Sangstha,160,393,369,352,484
2025-06,394,215,00736-02038-00215,Social Organization for Voluntary Advancement (SOVA),160,394,366,490,404
2025-06,395,503,04014-03552-00503,Soul Foundation For Disadvantaged Women,160,395,370,321,347
2025-06,396,92,05225-02132-00092,Unnayan Sangha (US),160,396,384,215,331
2025-06,397,377,00203-00656-00377,Sonali Bhabishyat,160,397,412,352,379
2025-06,398,655,03909-02115-00655,Dharani Samaj Kallayan Sangstha,160,398,408,490,417
2025-06,399,172,06408-05124-00172,Hanum Health Development Foundation,160,399,381,352,295
2025-06,400,350,01598-02716-00350,Dip Shetu,160,400,425,321,372
2025-06,401,427,00177-02978-00427,Jibon Sandhani Somaj Kallyan Sangstha (JSSKS),160,401,359,490,372
2025-06,402,208,00254-03690-00208,Gano Milan Foundation,160,402,310,321,572
2025-06,403,896,32021-00611-00896,SAVE THE POOR,160,403,360,352,391
2025-06,404,582,00784-00485-00582,Society Development Committee (SDC),161,404,436,352,561
2025-06,405,686,04615-00668-00686,Manab Unnayan Kendra,161,405,378,411,389
2025-06,406,594,01682-00678-00594,Somaj Unnoyan Karjocrom (SUK),161,406,396,411,463
2025-06,407,575,00976-03082-00575,Nari Maitree (NM),161,407,431,321,362
2025-06,408,879,21112-00285-00879,Banchte Chai Samaj Unnayan Songstha (BSDO),161,408,372,352,402
2025-06,409,706,01185-04747-00706,Help Bangladesh,161,409,496,490,586
2025-06,410,859,21112-00080-00859,ALOK BANGLA (An Initiative to Promote People’s Self-Help),161,410,402,411,524
2025-06,411,495,00440-00065-00495,Grameen Economic And Social Advancement (GESA),161,411,555,352,378
2025-06,412,625,05094-02747-00625,Protibandhi Kallyan Kendro (PKK),161,412,421,352,384
2025-06,413,252,01752-00192-00252,Dudumari Gram Unnayan Sangstha (DGUS),161,413,606,490,198
2025-06,414,527,05796-01918-00527,Grameen Alo Songstha (GAS),161,414,365,490,363
2025-06,415,591,01649-00325-00591,Isamati Samaj Unnayan Sangstha,161,415,401,411,497
2025-06,416,876,21112-00060-00876,Adventist Development and relief Agency ADRA Bangladesh,161,416,404,352,516
2025-06,417,593,01234-03143-00593,Association for Social Development (A.S.D),161,417,451,411,500
2025-06,418,702,02703-01896-00702,Social Development Committee (SDC),161,418,405,286,361
2025-06,419,537,00151-01548-00537,Social Advancement for Village Environment (SAVE),161,419,391,352,371
2025-06,420,508,01666-00838-00508,NEDA Society,161,420,393,352,456
2025-06,421,342,02183-00557-00342,Islami Social Development Organization (ISDO),161,421,427,266,435
2025-06,422,681,00097-02216-00681,Rural Development Associate (RDA),161,422,474,411,416
2025-06,423,124,00938-00810-00124,Holodia Mohila Unnayan Sangstha,161,423,423,352,576
2025-06,424,734,00056-01720-00734,Youth Initiative For Socio-Economic Activity,161,424,422,352,396
2025-06,425,848,21112-00302-00848,Dipika Samaj Kalyan Sangstha,161,425,432,411,369
2025-06,426,412,00194-01983-00412,Rural Economic Development Program,161,426,472,286,387
2025-06,427,457,00933-00078-00457,Rangpur Health & Education Improvement Society (RHEIS),161,427,420,411,428
2025-06,428,723,05555-01006-00723,Chaltya Shekha,161,428,463,411,531
2025-06,429,775,21112-00296-00775,Deshari Unnayan Sangstha,161,429,419,411,540
2025-06,430,72,03701-02567-00072,LUSTRE,162,430,400,251,431
2025-06,431,488,06030-04662-00488,Bani (Samaj Unnayanmulok Protisthan),162,431,380,352,419
2025-06,432,149,00206-00025-00149,Nari Uddog Kendra (NUK),162,432,416,266,448
2025-06,433,779,21112-00691-00779,PUSPO POLLI UNNAYAN SONGSTHA,162,433,428,286,368
2025-06,434,862,21112-00195-00862,DABI (Daridra Bimochon),162,434,409,251,351
2025-06,435,521,00803-00269-00521,Tribedi Mahila Samaj Unnayan Sangstha,162,435,450,352,480
2025-06,436,637,00846-01064-00637,Ancholic Polli Unnayan Sangstha (APUS),162,436,430,411,488
2025-06,437,251,00656-01009-00251,Diganta,162,437,417,352,381
2025-06,438,763,21112-00090-00763,Hira Samaj Unnayan Sangstha (HSUS),162,438,469,490,514
2025-06,439,466,00886-02685-00466,Artha-Samajik o Paribesh Unnayan Sangstha,162,439,459,411,447
2025-06,440,764,21112-00114-00764,Somaj Unnayan Karmo (SARK),162,440,621,490,625
2025-06,441,2,00805-00006-00002,Posobid Unnoyon Sangstha,162,441,620,490,460
2025-06,442,364,01466-03813-00364,Samata Unnyan Sangstha,162,442,441,490,474
2025-06,443,827,21112-01068-00827,RUPASHI BANGLA UNNAYAN SANGSTHA (RBUS),162,443,429,411,530
2025-06,444,744,04072-03936-00744,Unmesh,162,444,442,490,533
2025-06,445,778,21112-00215-00778,AMITY MANOB UNNAYAN SANGSTHA,162,445,453,490,518
2025-06,446,254,00140-01701-00254,Pally Unnayan Samaj Kallyan Sangstha,162,446,434,352,429
2025-06,447,76,02547-00551-00076,Rangpur Unnayan Samajik Sangstha (RDSS),162,447,414,411,601
2025-06,448,742,00368-01984-00742,NABARUPA POLLY,162,448,501,352,398
2025-06,449,875,21112-00269-00875,Brotee Samaj Kallyan Sangstha,162,449,520,490,445
2025-06,450,244,00584-01897-00244,Access Toward Livelihood and Welfare Organization (ALWO),162,450,433,352,433
2025-06,451,873,21112-01166-00873,Hunger Poverty Alleviation Organization (H.P.A.O),162,451,438,490,466
2025-06,452,616,01925-03159-00616,Protiddhani Samaj Unnaya Sangstha (PSUS),162,452,523,490,514
2025-06,453,697,00989-02646-00697,Graush,162,453,504,199,290
2025-06,454,850,21112-00836-00850,Basundhara Foundation,162,454,499,490,324
2025-06,455,415,01868-02583-00415,UJAN (Akti Manab Kallyan Sangstha),162,455,556,490,616
2025-06,456,667,06492-02142-00667,Jamuna Samaj Kallyan Sangstha,163,456,406,411,503
2025-06,457,375,00914-04151-00375,Environmental And Socio Economic Network (ESEN),163,457,512,490,395
2025-06,458,738,03395-00446-00738,Society for UDDOG.,163,458,415,490,472
2025-06,459,770,21112-00126-00770,Diganta Foundation,163,459,511,352,393
2025-06,460,889,32021-01497-00889,Social Association for People’s Livelihood Advancement (Shapla),163,460,533,411,411
2025-06,461,729,03933-03378-00729,Daridro & Paribash Unnaon Society,163,461,530,490,424
2025-06,462,411,02444-01871-00411,Artha-Samajik Unnayan Sangstha (ASUS),163,462,353,490,505
2025-06,463,246,01402-00515-00246,SOLIDARITY,163,463,595,226,227
2025-06,464,790,21112-00483-00790,Sirajgonj Manab Kallan & Somaj Unnoan Songstha,163,464,464,411,565
2025-06,465,500,06259-04852-00500,Society for Unhappy & Needy,163,465,437,490,499
2025-06,466,754,03416-01262-00754,Association of Workers for Alternative Rural Development (AWARD),163,466,446,490,563
2025-06,467,711,02786-01857-00711,Nazrul Smriti Sangsad (NSS),163,467,557,411,461
2025-06,468,510,02414-00814-00510,Grameen Krishok Sohayak Sangstha (GKSS),163,468,387,411,470
2025-06,469,608,00848-00578-00608,Swakalpa Society (Swakalpo),163,469,444,490,454
2025-06,470,817,21112-00020-00817,PALIMATI SAMAJ KALYAN FOUNDATION (PSKF),163,470,435,411,494
2025-06,471,334,02114-00225-00334,Jagarani Mohila Kallyan Sangstha (JMKS),163,471,495,411,527
2025-06,472,806,21112-00153-00806,Community Development Society (CDS),163,472,445,490,602
2025-06,473,746,03845-04957-00746,Socio Economy Advancement Organization,163,473,457,490,543
2025-06,474,83,00343-03944-00083,Grameen Seba Sangstha,163,474,600,352,436
2025-06,475,543,01491-00102-00543,Benupur Nayapara Janoseba Sangstha (BNJS),163,475,454,490,437
2025-06,476,872,21112-00701-00872,GRAMEEN ALO (GA),163,476,452,490,534
2025-06,477,789,21112-00792-00789,Alor Dishari Mohila Unnayan Sangstha,163,477,455,490,517
2025-06,478,55,01140-00202-00055,Community Health Care Project (CHCP),163,478,619,169,367
2025-06,479,877,21112-00076-00877,MOUCHAK SAMAJ UNNAYAN SANGSTHA,163,479,426,490,452
2025-06,480,743,02091-00494-00743,Social Equality for Effective Development (SEED),163,480,461,411,518
2025-06,481,722,01850-03826-00722,Janata Polli Unnayan Sangstha (jpus),163,481,477,286,412
2025-06,482,804,21112-00163-00804,DESH FOUNDATION,164,482,468,352,458
2025-06,483,787,21112-00190-00787,DHAKA PALLI SHEBA SANGSTHA,164,483,506,352,540
2025-06,484,736,02334-01829-00736,Jatio Tarun Sangha,164,484,462,411,598
2025-06,485,788,21112-00109-00788,Chandpur Socio-Economic Development Organization,164,485,471,490,522
2025-06,486,601,02196-00957-00601,Khandokhetro Samajic Unnayan Sangstha (K.S.D.O.),164,486,529,490,486
2025-06,487,822,21112-01018-00822,Seba Gram Unnayan Sangstha,164,487,475,490,457
2025-06,488,223,00785-00079-00223,Mother Advancement Assistance (MAA),164,488,486,411,287
2025-06,489,437,00474-01835-00437,Progoti Kendro,164,489,487,411,374
2025-06,490,735,00861-02582-00735,Polly Arthik Unnayan Karzocrom,164,490,458,490,554
2025-06,491,615,02594-01708-00615,Homeland Development Organization (HDO),164,491,467,490,568
2025-06,492,320,02821-04576-00320,SEBA- Social Edifi cation of Benign Assimilation Society (SEBA),164,492,538,352,410
2025-06,493,629,00141-00010-00629,Gender Relation Advancement & Marginalized Development Society,164,493,376,490,578
2025-06,494,836,21112-00746-00836,Society for Research and Development Steps),164,494,466,411,584
2025-06,495,165,00389-00173-00165,Udoy (Akti SamajKallyanmulak Protisthan,164,495,616,251,345
2025-06,496,376,04540-04427-00376,"The Garo Baptist Convention Christian Health Project, Joyramkura",164,496,622,266,352
2025-06,497,471,03434-00816-00471,Poverty Alleviation and Social Advancement Association (PASAA),164,497,524,411,587
2025-06,498,893,32021-00011-00893,Shelter for Social Development (SSD),164,498,449,490,353
2025-06,499,684,01967-01203-00684,Samannita Attonirvorsheel Samaj Unnyon Sangstha (SISDA),164,499,500,490,487
2025-06,500,853,21112-00357-00853,VARSA,164,500,482,490,425
2025-06,501,861,21112-00161-00861,Barendra Development Organization (BDO),164,501,456,352,472
2025-06,502,399,01133-01814-00399,Initiative for People’s Development (IPD),164,502,498,411,490
2025-06,503,750,01447-01882-00750,Nari Unnayan Forum (NUF),164,503,539,490,594
2025-06,504,810,21112-00368-00810,DESH DEVELOPMENT CENTER (DDC),164,504,460,490,509
2025-06,505,603,05041-02232-00603,SAGAR,164,505,448,411,532
2025-06,506,885,32021-00131-00885,Utsorgo Manob Kallayn Songstha,164,506,443,490,513
2025-06,507,443,06637-04368-00443,Jano Hitoishi Sangstha,164,507,553,490,485
2025-06,508,445,02839-00454-00445,Bangio Gonounnayan samity (BGS),165,508,509,490,498
2025-06,509,274,04594-01141-00274,Family Development Service & Research,165,509,484,490,615
2025-06,510,301,02536-00744-00301,SAHAI- (Sesshashebi Pally Unnayan Sangstha),165,510,413,490,349
2025-06,511,777,21112-00181-00777,Manikganj Unnayan Songstha (Maus),165,511,542,490,453
2025-06,512,696,01645-04174-00696,Sanchayan Unnayan Sangstha (SUS),165,512,473,490,505
2025-06,513,550,01921-04875-00550,Thanapara Swallows Development Society,165,513,559,490,316
2025-06,514,820,21112-00210-00820,Raymajhira Sabuj Sangha (RSS),165,514,526,490,521
2025-06,515,587,01714-01452-00587,Udayan Samity (US),165,515,510,490,557
2025-06,516,705,02909-04702-00705,Palli Unnayan Foundation,165,516,534,490,537
2025-06,517,748,01536-03340-00748,Naogaon Artho-Samajic Unnayan Sangstha,165,517,573,490,556
2025-06,518,673,04782-01547-00673,BADHAN GRAM UNNAYAN FOUNDATION,165,518,424,490,575
2025-06,519,771,21112-00273-00771,RUPOSHI BANGLA SOCIETY,165,519,563,411,549
2025-06,520,845,21112-00075-00845,Allokito gram (aggra),165,520,546,411,551
2025-06,521,886,32021-00139-00886,Surjer Alo Jonokallayn Songstha (SPWO),165,521,465,490,551
2025-06,522,646,05827-02134-00646,Nawbagonj Integrated Poverty Aleavation Foundation,165,522,519,490,593
2025-06,523,891,32021-01913-00891,Unity for Peace-Building & Socio Economic Advancement for the Marginalized (UPSAM),165,523,503,352,574
2025-06,524,887,32021-00249-00887,Grameen Prochesta Songstha (GPS),165,524,502,321,555
2025-06,525,597,04066-00937-00597,Alor Pothe (AP),165,525,407,490,467
2025-06,526,639,02774-00112-00639,Lal Hossain Chowdhury Memorial Foundation,165,526,522,411,600
2025-06,527,851,21112-00643-00851,HUMAN AND NATURE DEVELOPMENT SOCIETY (HANDS),165,527,479,490,559
2025-06,528,903,32021-00377-00903,Showpno Samaz Kallyan Songsta,165,528,490,490,493
2025-06,529,652,00302-01029-00652,Relation,165,529,492,411,553
2025-06,530,898,32021-00259-00898,Social Projection Committee,165,530,470,490,483
2025-06,531,858,21112-00344-00858,Trishna Samaj Kallyan Sangstha,165,531,491,490,496
2025-06,532,577,01027-03176-00577,Udayan Sangstha,165,532,489,490,596
2025-06,533,568,04558-01053-00568,Protisruti Manobik Bikash Sangstha,165,533,485,490,536
2025-06,534,882,21112-00040-00882,Disable Development & Educational Foundation (DDEF),166,534,560,411,547
2025-06,535,834,21112-01143-00834,Rural Environment Education And Economic Development Society (REEEDS),166,535,493,411,566
2025-06,536,322,02522-03607-00322,Centre for Development Services (CDS),166,536,518,490,482
2025-06,537,479,03223-02173-00479,Bhumija Foundation,166,537,494,490,592
2025-06,538,805,21112-00121-00805,SRISTY SAMAJIK UNNAYAN SANGSTHA,166,538,527,321,437
2025-06,539,783,21112-00083-00783,GRAM BANGLA UNNAYAN SANGSTHA (GBUS),166,539,488,490,612
2025-06,540,863,21112-00247-00863,NICE SOCIAL WELFARE Organization (NSWO),166,540,483,490,476
2025-06,541,241,02026-02628-00241,Development of Integrated for Social Association - DISA,166,541,478,352,403
2025-06,542,844,21112-00003-00844,PROGRESSIVE STAR SOCIETY (P.S.S),166,542,515,490,540
2025-06,543,493,00634-04219-00493,Jamuna Social Foundation,166,543,514,411,544
2025-06,544,123,00260-01715-00123,National Development Council (NDC),166,544,505,490,469
2025-06,545,529,03722-03365-00529,Abdul Hai Zahura Welfare Foundation,166,545,570,490,490
2025-06,546,741,03394-01823-00741,Sathi Samaj Unnayan Sangstha,166,546,547,490,512
2025-06,547,286,00037-01156-00286,Leya Health & Education Development Foundation,166,547,552,490,434
2025-06,548,553,03517-03233-00553,Peoples Union of the Marginalized Development Organization (PUMDO),166,548,532,490,604
2025-06,549,768,21112-00125-00768,Sejuti Health & Education Development Foundation,166,549,476,411,507
2025-06,550,447,02471-01868-00447,Association for Social Development,166,550,551,490,492
2025-06,551,808,21112-01212-00808,SOCIAL PROGRESIVE SOCIETY,166,551,581,490,451
2025-06,552,663,00597-00726-00663,Al Kariem Shikkha O Paribesh Unnayan Foundation,166,552,517,490,577
2025-06,553,259,01001-00055-00259,Integrated Social Welfare Association (ISWA),166,553,531,490,567
2025-06,554,631,01537-03317-00631,Dipti Foundation,166,554,497,411,508
2025-06,555,380,01662-00774-00380,"Health, Education & Economic Development Organization (HEEDO)",166,555,548,411,495
2025-06,556,857,21112-00362-00857,SANCO (Social Advancement Networking Community Organization),166,556,554,490,523
2025-06,557,549,01742-01625-00549,Sisa Jubo Samaj Kallayan Sangstha,166,557,536,490,477
2025-06,558,539,05291-03805-00539,Alo Manabik Unnayan Kendra (ALO),166,558,585,490,358
2025-06,559,666,06990-02845-00666,Social Association for Future Establishment (SAFE),166,559,411,490,488
2025-06,560,881,21112-00440-00881,Sebar Agrodrut (Ekati Samajik Unnayanamulaka Sanstha),167,560,587,490,520
2025-06,561,802,21112-00729-00802,Social Development Service (SDS),167,561,521,411,581
2025-06,562,401,03092-01106-00401,Akota Samaj Unnayan Kenddra (ASUK),167,562,558,490,599
2025-06,563,828,21112-00561-00828,DREAM HEAVEN ASSOCIATION (DHA),167,563,565,490,607
2025-06,564,716,02169-02573-00716,Manab Kallayan Sangstha Comilla (MAKS COMILLA),167,564,601,490,605
2025-06,565,842,21112-0110-00842,Nari Development Organization (NDO),167,565,513,411,464
2025-06,566,755,02251-01459-00755,Janakallyan Manobik Unnoyon Shankstha,167,566,528,411,537
2025-06,567,840,21112-01197-00840,GRAMEEN JUBA SAMAJ KALLYAN SANGSTHA,167,567,481,490,475
2025-06,568,892,32021-00245-00892,Bachar Thikana Unnoyon Songstha,167,568,544,411,525
2025-06,569,717,01308-01875-00717,Poor Human Integrated Social Welfare Organization (PHISWO),167,569,586,490,580
2025-06,570,687,00818-01310-00687,Shusamaj Foundation,167,570,535,490,564
2025-06,571,718,05632-02919-00718,Shefali Mohila Kallayan Sango (smks),167,571,596,490,467
2025-06,572,830,21112-00240-00830,Samaj Unnayon Palli Sangstha (SDRS),167,572,599,352,589
2025-06,573,595,05581-00961-00595,Oriental Foundation (ORIENTAL FOUNDATION),167,573,508,352,511
2025-06,574,434,00749-00516-00434,The Coastal Rural and Urban Poor Development Association (The Crupda),167,574,598,490,623
2025-06,575,846,21112-00403-00846,Social Organization For Poverty Alleviation (SOPAN),167,575,541,490,591
2025-06,576,656,04902-02805-00656,Women Job Creation Centre,167,576,572,411,570
2025-06,577,238,01481-01211-00238,Local Initiative for Empowerment (LIFE),167,577,549,490,608
2025-06,578,752,06616-04316-00752,Rural Reconstruction Society (R.R.S),167,578,618,490,528
2025-06,579,837,21112-01214-00837,Agamir Shwapno (AS),167,579,588,490,454
2025-06,580,854,21112-00144-00854,Peoples Organization For Empowerment (POFE),167,580,561,490,502
2025-06,581,400,00608-01405-00400,Shahajira Mohila O Shishu Unnayan Sangstha,167,581,589,490,544
2025-06,582,664,02450-02480-00664,Retired Grameen Banker’s Foundation,167,582,507,411,534
2025-06,583,890,32021-00353-00890,Somaj Unnayun Songstha (SDS),167,583,525,321,501
2025-06,584,618,02279-01355-00618,Maitree Seba Sangstha (matreeseba),167,584,567,490,590
2025-06,585,860,21112-00129-00860,Gaibandha Rural Development Foundation (GRDF),167,585,566,352,471
2025-06,586,563,00175-02025-00563,Save Our Life,168,586,543,490,620
2025-06,587,878,21112-00876-00878,PDO(Peace & Development Organization),168,587,571,411,587
2025-06,588,282,01619-04118-00282,Palli Rakkha Sangstha (PARAS),168,588,545,490,528
2025-06,589,562,01650-02256-00562,Bangladesh Palli Unnayon Foundation (B. P. D. F),168,589,593,490,560
2025-06,590,230,01743-04193-00230,Voluntary Organization for Rural Development (VORD),168,590,584,321,569
2025-06,591,751,02604-04329-00751,Surovi,168,591,578,411,621
2025-06,592,580,01021-00508-00580,Nirmol Foundation (nirmolf),168,592,592,490,611
2025-06,593,682,00983-00016-00682,Bakergonj Forum,168,593,562,411,619
2025-06,594,693,00600-00238-00693,Sristy (SRISTY) SOCIETY FOR RURAL IMPROVEMENT AND STABILITY,168,594,605,490,408
2025-06,595,578,01770-01587-00578,Poribar Kallyan Sahayak Samittee (PKSS),168,595,568,490,594
2025-06,596,839,21112-0174-00839,Integrated Community Development Society (I.C.D.S),168,596,624,490,481
2025-06,597,818,21112-00702-00818,Zilik Foundation (ZF),168,597,602,352,407
2025-06,598,614,02861-00942-00614,Pally Kallyan Sangstha,168,598,579,490,571
2025-06,599,607,03022-02787-00607,Karatoa Pally Unnoyan Shangstha (kpus),168,599,577,490,610
2025-06,600,679,01467-01624-00679,Disa Integrated Social Advancement Foundation,168,600,591,490,573
2025-06,601,733,00124-00809-00733,Sopnil Bangladesh Foundation,168,601,575,490,510
2025-06,602,187,04121-01370-00187,Organization for Rural Advancement (ORA),168,602,610,411,462
2025-06,603,486,00719-00077-00486,Bangladesh JanaKallyan Songstha,168,603,625,411,579
2025-06,604,93,01547-00063-00093,Taltala Jubo Unnayon Sangothon (TYDA),168,604,590,352,544
2025-06,605,832,21112-00670-00832,BARAL foundation for environment & sustainable development,168,605,550,490,526
2025-06,606,567,01739-03593-00567,Uddyaog Foundation,168,606,576,352,583
2025-06,607,811,21112-00467-00811,Swadesh Sheba (SS),168,607,597,411,562
2025-06,608,841,21112-00056-00841,EURO BANGLA FOUNDATION (EBF),168,608,564,490,614
2025-06,609,632,01700-00203-00632,USHA BANGLADESH,168,609,580,411,609
2025-06,610,852,21112-00325-00852,INTEGRATED COMMUNITY DEVELOPMENT COMMITTEE,168,610,607,490,388
2025-06,611,726,01733-00104-00726,Polli Samajik Karzokram Sangstha,168,611,574,411,618
2025-06,612,122,01117-02418-00122,Saat Ichchha Manabik Unnayan Sangstha (SIMUS),169,612,594,490,547
2025-06,613,864,21112-00763-00864,DEVELOPMENT FOR POOR PEOPLE’S (D.P.P),169,613,603,490,504
2025-06,614,638,01632-02081-00638,Khandaker Kallyan Trust and Organization,169,614,604,411,582
2025-06,615,740,05367-03154-00740,ORGANIZATION FOR DEFENDING THE DISABLE (DDO),169,615,537,490,585
2025-06,616,120,00903-04841-00120,Rural Advancement Committee for Bangladesh (RAC-angladesh),169,616,615,490,446
2025-06,617,198,00188-00254-00198,Shetu Bangladesh,169,617,608,321,613
2025-06,618,647,02746-00258-00647,Association of Voluntary Actions for Society (AVAS),169,618,626,490,626
2025-06,619,855,21112-01130-00855,Sabuj Bangla Jubo Kallan Sangstha (sbjks),169,619,583,490,537
2025-06,620,670,02401-04787-00670,Esamoti Human Development Foundation,169,620,614,411,603
2025-06,621,707,02838-03610-00707,Joutha Udyog,169,621,613,490,606
2025-06,622,645,02170-00679-00645,Palli Bikash Foundation (PBF),169,622,617,411,617
2025-06,623,381,05793-02095-00381,Mukti Foundation,169,623,612,490,442
2025-06,624,193,00984-01198-00193,Palli Sohojogi Bishoyak Sangstha (ARCO),169,624,623,490,624
2025-06,625,362,01028-00279-00362,Mukti Nari-O-Shishu Unnayan Sangstha,169,625,611,352,622
2025-06,626,704,01778-01571-00704,"Bongram Samajik Unnayn Sangstha (B,S,U,S)",169,626,609,490,549
