edition,serial,license_no,license_printed,name,page,borrowing_to_loan_outstanding,operating_cost_to_income,capital_fund_to_loan_outstanding,portfolio_yield,return_on_assets,operating_self_sufficiency,operating_margin
2025-06,1,792,21112-01012-00792,Abalamban,198,11.1,63.88,32.75,21.28,5.08,134.8,26.52
2025-06,2,529,03722-03365-00529,Abdul Hai Zahura Welfare Foundation,198,36.18,92.3,34.94,10.48,0.03,68.85,0.34
2025-06,3,244,00584-01897-00244,Access Toward Livelihood and Welfare Organization (ALWO),198,48.04,53.44,6.54,18.16,4.69,138.43,28.34
2025-06,4,894,32021-00881-00894,Action for Community Development,198,,56.17,6.98,22.97,5.05,130.33,24.27
2025-06,5,265,00684-02909-00265,ACTION FOR HUMAN DEVELOPMENT ORGANIZATION AHDO,198,16.34,71.87,30.83,20.64,1.52,103.13,8.63
2025-06,6,130,02008-02954-00130,Association for Development Activity of Manifold Social Work (ADAMS Foundation),198,0.16,91.01,38.14,16.04,0.35,100.63,2.28
2025-06,7,406,01863-00447-00406,Adarsho Manob Kallyan Sangha,198,34.65,69.18,30.92,18.12,1.9,112.8,11.76
2025-06,8,96,01730-00149-00096,Ad-din Welfare Centre (Ad-din),198,43.29,53.65,26.25,21.31,4.5,117.62,23.44
2025-06,9,79,00091-00396-00079,Association of Development for Economic & Social Help (ADESH),198,32.17,55.79,23.62,19.71,0.26,101.39,1.62
2025-06,10,73,01865-02314-00073,ADRSO Shomaj Kallyan Sangstha (ADRSO),198,3.99,61.49,22.46,17.98,3.28,120.66,19.31
2025-06,11,753,05060-04245-00753,Advanced Society for Any Research & Active Life Oriented Work,198,71.56,58.78,7.73,16.4,1.07,107.17,6.86
2025-06,12,876,21112-00060-00876,Adventist Development and relief Agency ADRA Bangladesh,198,,99.52,-19.33,18.29,-0.91,75.72,-5.64
2025-06,13,837,21112-01214-00837,Agamir Shwapno (AS),198,85.47,27.52,35.14,6.69,13.65,54.67,289.2
2025-06,14,672,00648-01479-00672,Agragati Seba Sangstha (A S S),198,66.48,60.77,9.04,26.53,0.41,101.12,1.7
2025-06,15,189,05774-00474-00189,Agragati,198,55.9,75.44,27.4,18.56,0.41,102.55,2.62
2025-06,16,727,07086-04175-00727,AGROGAMI UNNAYAN SANGASTHA(AGROGAMI),198,7.33,52.8,15.77,17.96,2.74,119.62,16.96
2025-06,17,276,01180-01615-00276,Ahead Social Organization (ASO),198,52.92,50.78,23.41,21.43,4.73,132.69,25.19
2025-06,18,401,03092-01106-00401,Akota Samaj Unnayan Kenddra (ASUK),198,1.71,81.11,54.2,12.59,1.12,109.95,9.89
2025-06,19,663,00597-00726-00663,Al Kariem Shikkha O Paribesh Unnayan Foundation,198,15.99,81.57,38.92,18.97,1.35,108.39,8.21
2025-06,20,571,00688-00122-00571,ALAP- Association for Landless and Poor,199,35.81,65.16,27.08,20.0,2.61,116.79,14.54
2025-06,21,177,00339-03482-00177,Al-Falah Aam Unnayan Sangstha (AFAUS),199,3.9,71.64,38.87,22.87,2.6,115.2,14.3
2025-06,22,108,03260-01158-00108,Aloha Social Services Bangladesh (ASSB),199,6.94,57.15,65.92,23.32,6.99,147.84,34.39
2025-06,23,859,21112-00080-00859,ALOK BANGLA (An Initiative to Promote People’s Self-Help),199,61.34,50.83,10.47,21.71,2.05,108.8,10.61
2025-06,24,824,21112-00187-00824,Alor Disha Foundation,199,30.51,64.98,20.69,18.5,3.05,119.03,18.01
2025-06,25,789,21112-00792-00789,Alor Dishari Mohila Unnayan Sangstha,199,28.91,63.76,37.87,18.54,3.66,126.08,21.47
2025-06,26,671,04781-01544-00671,Alor Nir Somity (A N S),199,3.27,46.8,32.02,22.68,6.48,145.47,32.67
2025-06,27,597,04066-00937-00597,Alor Pothe (AP),199,,63.18,14.05,6.09,-0.94,61.54,-15.6
2025-06,28,303,00711-00027-00303,Alternative Development Initiative (ADI),199,41.48,62.47,19.51,20.62,1.85,107.89,10.37
2025-06,29,86,00350-01308-00086,Ambala Foundation,199,32.39,51.75,14.9,22.14,1.37,106.54,7.25
2025-06,30,344,00136-00610-00344,AMDA Health & Environment Development Society,199,19.46,77.77,30.35,23.71,0.64,102.68,3.02
2025-06,31,778,21112-00215-00778,AMITY MANOB UNNAYAN SANGSTHA,199,56.1,63.7,17.45,14.78,0.84,106.48,6.36
2025-06,32,661,01613-01081-00661,Amra Kaj Kory(AKK),199,54.84,63.32,18.36,22.95,3.2,119.57,17.12
2025-06,33,232,02060-01912-00232,Anando,199,0.16,88.0,66.07,21.25,1.22,105.97,6.49
2025-06,34,637,00846-01064-00637,Ancholic Polli Unnayan Sangstha (APUS),199,50.2,68.6,18.07,18.31,1.4,107.55,9.91
2025-06,35,294,00701-00968-00294,Anirban Samaj Unnayan Sangstha,199,27.92,72.21,23.31,10.38,0.02,99.93,0.17
2025-06,36,298,00353-02761-00298,Annaya Samaj Kallyan Sangstha (ASKS),199,102.42,79.47,2.9,19.86,-2.45,75.02,-33.86
2025-06,37,321,00669-03433-00321,Ansar Ali Foundation for Integrated Development (AAFID),199,34.48,73.85,39.64,18.16,1.29,108.7,8.53
2025-06,38,829,21112-00498-00829,Apon (Artho Samajik Unnyon Songstha),199,,65.43,7.51,20.19,0.87,76.63,4.48
2025-06,39,405,02814-03211-00405,ARS-Bangladesh (ARS-BD),199,52.43,47.69,28.07,26.26,5.64,128.83,25.77
2025-06,40,466,00886-02685-00466,Artha-Samajik o Paribesh Unnayan Sangstha,200,20.61,75.39,24.57,14.57,0.88,93.75,6.53
2025-06,41,100,00470-00538-00100,ASA,200,0.44,64.11,92.89,20.35,4.25,130.21,30.24
2025-06,42,200,00609-01019-00200,Ashrai,200,59.62,54.25,16.89,22.93,1.28,107.35,7.38
2025-06,43,199,00178-00261-00199,ASPADA Paribesh Unnayan Foundation,200,22.66,60.75,18.03,24.1,0.88,95.56,4.95
2025-06,44,127,01173-01986-00127,Assistance for Social Organization and Development -ASOD,200,142.94,89.71,37.87,3.0,0.25,108.3,16.62
2025-06,45,102,01672-00390-00102,Association for Advancement & Development,200,47.15,48.33,18.61,14.71,0.45,101.6,3.28
2025-06,46,146,00429-00140-00146,Association for Integrated Development-Comilla (AID-Comilla),200,48.07,74.39,10.76,21.34,-0.21,98.7,-1.17
2025-06,47,812,21112-00537-00812,Association for Peoples Development Stream (APDS),200,30.12,83.9,50.44,21.58,0.21,100.86,1.21
2025-06,48,66,01482-00179-00066,Association For Realisation of Basic Needs-ARBAN,200,23.54,76.28,23.81,23.08,0.46,95.74,2.94
2025-06,49,56,00307-02179-00056,Association for Renovation of Community Health Education Services (ARCHES),200,50.88,62.99,7.38,19.24,2.21,93.97,15.38
2025-06,50,42,02015-00479-00042,Association for Rural Advancement in Bangladesh (ARAB),200,6.26,70.83,71.7,18.91,3.44,122.85,24.4
2025-06,51,593,01234-03143-00593,Association for Social Development (A.S.D),200,37.76,50.19,34.13,13.7,3.06,117.26,24.37
2025-06,52,447,02471-01868-00447,Association for Social Development,200,60.81,75.4,10.49,11.85,-2.6,74.07,-30.49
2025-06,53,164,00104-03016-00164,Association for Socio-Economic Advancement of Bangladesh (ASEAB),200,0.9,63.99,28.21,23.24,3.67,120.22,18.02
2025-06,54,58,00527-00392-00058,Association for Under-Privileged People-AUP,200,34.45,53.55,23.49,23.29,5.21,132.13,25.33
2025-06,55,436,01457-00321-00436,Association for Women Empowerment and Child Right’s (AWAC),200,8.69,60.11,32.69,20.09,3.76,125.93,21.36
2025-06,56,754,03416-01262-00754,Association of Workers for Alternative Rural Development (AWARD),200,37.09,41.82,24.29,16.63,6.09,193.0,54.21
2025-06,57,34,00969-00226-00034,ATMABISWAS,201,67.5,55.02,11.38,20.48,1.97,107.23,11.31
2025-06,58,134,00245-02077-00134,Aungkur Palli Unnayan Kendra,201,63.59,69.63,19.13,20.47,1.42,107.94,8.82
2025-06,59,326,00244-00343-00326,Jugabani Samaj Kallayan Sangstha (JSKS),201,3.92,62.88,11.42,20.0,0.7,103.33,3.84
2025-06,60,325,02676-02019-00325,Aushgara Unnayan Sangstha,201,9.34,48.6,32.26,19.87,5.87,150.38,34.4
2025-06,61,470,05305-00792-00470,AVA Development Society,201,62.28,69.91,13.17,18.75,2.07,112.3,12.69
2025-06,62,673,04782-01547-00673,BADHAN GRAM UNNAYAN FOUNDATION,201,1.25,51.9,74.64,23.56,9.05,166.85,41.05
2025-06,63,12,00198-00021-00012,Bajitpur Rural Advancement Society (BRAS),201,32.61,76.32,16.25,22.39,0.44,98.72,2.12
2025-06,64,682,00983-00016-00682,Bakergonj Forum,201,10.36,91.36,44.68,17.13,0.48,29.95,4.62
2025-06,65,395,00331-01733-00395,Banaful Social Welfare Organization (BSWO),201,1.37,55.09,33.78,18.52,2.65,117.43,18.2
2025-06,66,892,32021-00245-00892,Bachar Thikana Unnoyon Songstha,201,54.07,137.11,5.74,17.81,-7.4,69.25,-43.82
2025-06,67,879,21112-00285-00879,Banchte Chai Samaj Unnayan Songstha (BSDO),201,49.37,63.67,43.92,20.37,4.97,143.5,33.36
2025-06,68,328,03446-01309-00328,Banchte Shekha (BS),201,47.94,43.84,10.97,19.04,1.64,110.18,9.49
2025-06,69,410,02535-00745-00410,Bandhan Sangstha,201,14.88,41.97,70.89,26.28,13.62,217.08,54.79
2025-06,70,305,01490-00330-00305,Bandhu Kallyan Foundation,201,51.02,67.87,15.07,20.38,1.84,110.3,10.15
2025-06,71,445,02839-00454-00445,Bangio Gonounnayan samity (BGS),201,58.94,71.57,29.44,15.48,1.35,114.5,13.04
2025-06,72,685,01740-01729-00685,Bangladesh Agricultural Working Peoples Association (BAWPA),201,9.37,70.99,21.47,15.28,1.95,116.25,14.51
2025-06,73,560,00291-02364-00560,Bangladesh Association for Community Education (BACE),201,6.37,72.97,33.97,19.53,2.24,113.99,12.58
2025-06,74,431,05518-04426-00431,Bangladesh Association for Sustainable Development (BASD),201,,102.08,14.13,20.89,-1.78,84.49,-9.4
2025-06,75,355,03160-02702-00355,Bangladesh Development Society (BDS),201,56.7,54.81,13.78,20.33,2.36,113.75,13.63
2025-06,76,263,00572-02517-00263,Bangladesh Extension Education Services (BEES),201,62.36,40.62,10.99,23.07,3.4,120.88,17.63
2025-06,77,866,00171-00155-00866,Bangladesh Fellowship Foundation,202,,65.94,50.82,20.19,4.05,132.96,25.76
2025-06,78,458,03072-01354-00458,Bangladesh Grameen Seba Sangstha,202,62.18,52.11,10.2,21.6,1.8,109.72,9.12
2025-06,79,739,01191-02411-00739,BANGLADESH HEALTH AND EDUCATION DEVELOPMENT SOCIETY,202,19.88,56.52,12.92,21.12,2.86,117.06,15.05
2025-06,80,340,02908-03316-00340,Bangladesh Ignite Youth Society (BIYS),202,51.0,68.85,2.51,24.15,0.53,100.1,2.51
2025-06,81,84,00015-00125-00084,Bangladesh Institute of Research & Development (BIRD),202,9.89,58.19,27.67,17.04,0.57,95.16,4.66
2025-06,82,486,00719-00077-00486,Bangladesh JanaKallyan Songstha,202,10.95,329.84,55.81,3.54,-8.0,28.57,-276.9
2025-06,83,562,01650-02256-00562,Bangladesh Palli Unnayon Foundation (B. P. D. F),202,1.37,89.6,16.5,12.35,0.57,97.91,5.19
2025-06,84,234,02798-00553-00234,Bangla-German Sampreeti (BGS),202,21.07,68.18,53.81,25.31,2.34,113.84,12.91
2025-06,85,354,04153-01588-00354,Banglar Mela Sangstha (BMS),202,77.67,48.22,3.7,18.66,0.07,99.28,0.45
2025-06,86,543,01491-00102-00543,Benupur Nayapara Janoseba Sangstha (BNJS),202,4.76,52.69,28.81,22.65,6.76,144.3,32.49
2025-06,87,832,21112-00670-00832,BARAL foundation for environment & sustainable development,202,21.57,63.07,32.44,24.49,4.29,119.62,19.51
2025-06,88,796,21112-00573-00796,Barendra Economic Development Organization (BEDO),202,40.13,65.83,4.84,19.99,0.38,101.33,2.02
2025-06,89,40,01570-00073-00040,Barendrabhumi Samaj Unnyan Sangstha (BSDO),202,28.04,62.83,55.55,20.74,3.74,132.41,27.84
2025-06,90,483,00131-02952-00483,Basoti Shomaj O Poribesh Unnayon Foundation (Basoti),202,34.98,71.44,14.75,21.84,0.78,103.37,3.87
2025-06,91,330,00829-02739-00330,BASCO Foundation,202,38.05,63.36,18.96,16.03,1.76,112.4,11.75
2025-06,92,888,32021-00521-00888,BASONA JANAKALYAN SANGSTHA (BJS),202,59.05,38.02,18.96,23.32,5.35,116.99,31.05
2025-06,93,781,21112-00018-00781,Basic Aid for Local Action King Association (BALAKA),202,25.17,44.03,39.15,22.39,7.8,163.26,40.05
2025-06,94,80,01132-00227-00080,Basic Organization Network for Development and Humanitarian Aid for Nation (BONDHAN),202,40.24,58.37,21.33,22.08,1.75,109.5,9.32
2025-06,95,346,01029-00170-00346,Bastob- Initiative for Peoples Self Development,203,50.33,54.07,11.86,20.2,0.92,104.41,5.69
2025-06,96,16,00558-00067-00016,BEDO,203,61.2,58.49,17.52,21.44,3.35,113.48,19.32
2025-06,97,644,01612-01383-00644,Benefi ciary’s Friendship Forum (B.F.F),203,35.81,64.91,28.8,22.39,0.97,105.1,5.37
2025-06,98,528,05346-03315-00528,Bhagya Unnayan Shangstha,203,38.07,77.58,17.11,20.61,-1.35,92.5,-7.38
2025-06,99,479,03223-02173-00479,Bhumija Foundation,203,28.7,72.6,41.16,18.46,-0.44,94.83,-2.85
2025-06,100,70,00454-00263-00070,BIVA,203,23.59,86.71,22.49,18.54,-1.19,92.76,-7.56
2025-06,101,296,01626-00704-00296,Blind Education and Rehabilitation Development Organization (BERDO),203,35.61,61.21,56.04,18.11,2.67,127.5,22.91
2025-06,102,379,00044-00204-00379,BNPS Microfi nance Trust,203,13.15,65.97,31.67,21.92,3.35,119.3,17.17
2025-06,103,704,01778-01571-00704,"Bongram Samajik Unnayn Sangstha (B,S,U,S)",203,,131.71,50.56,15.26,-11.01,53.39,-88.14
2025-06,104,65,00488-00186-00065,BRAC,203,5.32,53.88,41.81,22.67,4.72,126.58,25.13
2025-06,105,19,00280-00080-00019,Bridge M.F.I,203,95.41,96.19,2.22,2.2,0.0,99.71,0.27
2025-06,106,875,21112-00269-00875,Brotee Samaj Kallyan Sangstha,203,56.08,64.72,2.56,16.19,0.81,105.43,5.46
2025-06,107,288,00004-00394-00288,BURO Bangladesh,203,35.3,50.6,34.77,23.42,4.4,128.28,23.2
2025-06,108,184,00032-00286-00184,CARITAS Bangladesh,203,9.94,80.72,41.21,19.42,0.58,102.0,3.38
2025-06,109,10,01834-00654-00010,CARSA Foundation,203,32.56,61.88,27.22,21.72,2.82,114.95,15.03
2025-06,110,610,01912-00886-00610,CDO (Community Development Organization),203,70.44,54.62,18.56,8.95,0.81,107.43,9.94
2025-06,111,361,00929-04366-00361,CEDAR (Concern for Environmental Development and Research),203,48.67,114.71,5.57,21.2,-5.87,75.71,-31.24
2025-06,112,583,02593-01229-00583,Center for Rural Service Society (C.R.S.S),203,,59.82,13.92,16.58,0.4,100.56,2.7
2025-06,113,170,02047-00565-00170,Centre for Action Research-Barind (CARB),203,90.23,57.6,39.51,22.19,0.47,102.97,3.69
2025-06,114,221,00826-00499-00221,Centre for Advanced Research and Social Action,203,51.39,54.47,17.57,20.67,4.32,131.36,24.46
2025-06,115,245,01032-01788-00245,Centre for Community Development Assistance (CCDA),204,33.12,56.49,40.57,22.74,3.63,123.14,20.54
2025-06,116,97,00341-00727-00097,Centre for Development Innovation and Practices,204,32.67,58.64,31.69,21.2,2.66,116.81,15.43
2025-06,117,322,02522-03607-00322,Centre for Development Services (CDS),204,,87.73,63.55,17.59,1.16,107.66,7.76
2025-06,118,624,03812-00620-00624,Centre for Integrated Programme & Development (CIPD),204,50.75,88.61,17.23,23.33,0.02,99.5,0.14
2025-06,119,365,01425-00165-00365,Centre for Mass Education in science,204,22.86,77.81,14.96,21.62,1.86,109.25,9.02
2025-06,120,358,01079-03171-00358,Centre for Rehabilitation Education Earning Development (CREED),204,2.89,51.65,20.08,19.03,3.82,127.12,25.32
2025-06,121,723,05555-01006-00723,Chaltya Shekha,204,,84.59,19.05,12.94,0.2,100.45,1.65
2025-06,122,788,21112-00109-00788,Chandpur Socio-Economic Development Organization,204,43.86,68.64,9.93,16.1,0.77,100.94,5.46
2025-06,123,13,01342-00771-00013,Charcha,204,2.12,69.17,40.19,17.94,2.83,111.33,17.8
2025-06,124,780,21112-00433-00780,Chetona Manobik Unnayan Sangstha,204,70.7,83.99,14.4,20.83,1.86,110.63,10.04
2025-06,125,662,05619-01326-00662,Chatihati Nabo Uddipon Songgo,204,69.9,72.5,3.9,19.15,0.44,102.07,2.51
2025-06,126,98,00074-00002-00098,CHIRONTONI,204,0.6,63.69,10.48,24.21,2.9,113.14,13.58
2025-06,127,295,02636-03667-00295,Christian Commission for Development in Bangladesh,204,12.11,49.19,43.59,22.45,6.86,148.74,33.66
2025-06,128,129,02578-01977-00129,Christian Service Society,204,6.72,79.53,55.29,21.51,1.65,107.03,8.77
2025-06,129,506,00996-00096-00506,CLOG (Children Life Organization of Genus),204,17.64,43.93,71.42,23.18,8.84,199.51,50.31
2025-06,130,68,00956-04041-00068,COAST Foundation,204,32.06,69.18,19.64,19.82,0.99,104.43,5.92
2025-06,131,217,00512-00608-00217,Come to Work-CTW,204,39.03,67.2,25.88,20.38,2.93,117.21,16.14
2025-06,132,214,02257-03643-00214,Community Development And Health Care Centre (CDHC),204,46.36,66.27,15.49,19.32,2.65,116.82,15.27
2025-06,133,103,01781-00048-00103,Community Development Centre (CODEC),204,33.21,48.86,33.47,21.33,6.14,149.46,34.53
2025-06,134,806,21112-00153-00806,Community Development Society (CDS),204,34.96,72.84,41.48,19.55,1.11,106.01,6.32
2025-06,135,55,01140-00202-00055,Community Health Care Project (CHCP),205,76.59,177.42,-97.18,4.12,-4.53,37.65,-201.14
2025-06,136,871,21112-00893-00871,COUNTRY AND HUMAN DEVELOPMENT SOCIETY (CHDS),205,72.72,60.23,5.78,16.34,0.34,101.73,2.26
2025-06,137,555,01509-00458-00555,Crescent,205,28.21,63.14,19.09,13.02,0.25,101.63,2.03
2025-06,138,862,21112-00195-00862,DABI (Daridra Bimochon),205,2.67,99.52,33.2,18.01,-1.91,89.61,-11.39
2025-06,139,21,00947-00710-00021,Dabi Moulik Unnayan Sangstha,205,36.7,46.6,32.46,20.55,5.23,139.93,30.24
2025-06,140,237,01121-00835-00237,Dak Diye Jai,205,55.55,62.28,15.02,20.65,1.98,109.81,11.36
2025-06,141,747,00109-02243-00747,DAM FOUNDATION FOR ECONOMIC DEVELOPMENT,205,53.78,63.5,14.98,19.99,0.9,104.59,5.33
2025-06,142,266,00791-01632-00266,Daridra Bimochon Shangstha (DBS),205,58.78,68.49,24.57,21.71,2.03,105.31,11.37
2025-06,143,729,03933-03378-00729,Daridro & Paribash Unnaon Society,205,5.06,49.96,21.02,10.99,2.6,123.15,25.32
2025-06,144,810,21112-00368-00810,DESH DEVELOPMENT CENTER (DDC),205,37.06,71.61,15.88,21.64,1.97,110.29,9.84
2025-06,145,804,21112-00163-00804,DESH FOUNDATION,205,93.09,82.78,16.11,17.14,1.0,87.3,7.36
2025-06,146,141,00590-00236-00141,Desha Shechchashebi Artho-Samajik Unnayan O Manobik Kallyan Sangstha,205,40.84,59.53,21.6,21.58,3.47,114.91,18.48
2025-06,147,775,21112-00296-00775,Deshari Unnayan Sangstha,205,62.41,70.27,7.7,15.54,0.8,101.97,5.66
2025-06,148,250,00369-00813-00250,Development for Society,205,11.98,60.23,28.29,20.83,2.36,114.32,13.59
2025-06,149,724,03016-00167-00724,Development Activities of Society-DAS,205,60.68,64.21,36.38,12.36,-0.13,98.15,-1.46
2025-06,150,24,01306-00480-00024,Development Initiative for Social Advancement (DISA),205,74.67,51.33,7.52,17.72,0.49,88.41,3.79
2025-06,151,791,21112-01034-00791,Development Initiative for Human Advancement (DIHA),205,27.84,64.35,12.96,22.32,2.04,111.5,10.71
2025-06,152,241,02026-02628-00241,Development of Integrated for Social Association - DISA,205,24.79,88.76,37.05,30.57,1.94,102.71,7.13
2025-06,153,185,01795-01411-00185,Development Organisation of the Rural Poor (DORP),205,82.23,61.45,27.83,22.58,0.97,103.86,5.57
2025-06,154,491,06028-02305-00491,Development Organization of Rural Peoples (DOORP),206,15.77,64.03,19.2,12.45,0.88,107.94,7.88
2025-06,155,787,21112-00190-00787,DHAKA PALLI SHEBA SANGSTHA,206,52.04,54.58,16.41,10.35,2.72,132.09,29.05
2025-06,156,655,03909-02115-00655,Dharani Samaj Kallayan Sangstha,206,23.57,61.17,29.93,16.25,2.67,122.02,19.1
2025-06,157,816,21112-00512-00816,"DHAU HEALTH, EDUCATION & ENVIRONMENT DEVELOPMENT SOCIETY",206,21.45,77.37,-15.16,19.87,1.18,106.22,6.46
2025-06,158,770,21112-00126-00770,Diganta Foundation,206,64.53,55.9,13.01,9.62,2.23,123.06,24.16
2025-06,159,251,00656-01009-00251,Diganta,206,62.83,57.38,12.13,19.69,0.05,87.36,0.34
2025-06,160,868,21112-00200-00868,Dinajpur Polli Unnayan Prochesta (D.P.U.P),206,45.58,47.79,11.97,16.52,3.46,126.72,22.67
2025-06,161,349,00681-04542-00349,"DIPSHIKHA Non-Formal Education, Training and Research Society for Village Development",206,20.6,69.49,52.65,20.04,2.62,115.7,14.19
2025-06,162,631,01537-03317-00631,Dipti Foundation,206,82.63,65.7,29.3,20.53,0.86,104.2,4.69
2025-06,163,821,21112-00378-00821,DIPTI SHOMAJ UNNOYAN SANGSTHA,206,25.96,74.18,20.62,17.15,2.71,118.57,16.79
2025-06,164,694,00732-03883-00694,Disa Bangladesh,206,27.04,57.03,5.77,16.73,0.5,100.92,4.63
2025-06,165,882,21112-00040-00882,Disable Development & Educational Foundation (DDEF),206,67.92,61.82,27.92,9.42,2.25,62.16,28.62
2025-06,166,220,01284-00322-00220,Doel (Development Organisation for Equity & Love),206,36.85,63.31,11.71,15.81,0.45,102.16,3.15
2025-06,167,828,21112-00561-00828,DREAM HEAVEN ASSOCIATION (DHA),206,,91.71,15.82,15.07,0.23,101.17,1.57
2025-06,168,27,02854-01466-00027,DRISHTIDAN,206,68.29,84.03,9.8,19.33,-1.05,93.19,-6.59
2025-06,169,369,02100-01985-00369,Dushtha Shasthya Kendra (DSK),206,43.35,54.93,21.48,22.66,2.63,111.27,14.22
2025-06,170,847,21112-00909-00847,Dustha Manab Unnayan Society (DMUS),206,19.34,16.15,55.34,10.95,30.86,108.48,393.84
2025-06,171,756,03229-01099-00756,Dustha Manobatar Seba Sangstha (DMSS),206,30.75,79.31,37.37,16.56,1.62,111.17,10.49
2025-06,172,798,21112-00041-00798,DUSTHO MOHILA SANGSTHA,206,41.35,46.58,45.72,24.07,9.23,170.1,41.95
2025-06,173,33,00654-00234-00033,Dwip Unnayan Sangstha,206,43.52,65.53,29.35,18.95,2.29,108.35,15.51
2025-06,174,181,00657-02312-00181,Environment & Agricultural Development Association (EADA),207,22.45,56.33,32.49,20.95,4.68,133.14,25.86
2025-06,175,203,01059-03355-00203,Eco-Social Development Organization (ESDO),207,34.68,49.22,29.88,21.46,5.07,129.08,27.36
2025-06,176,31,01109-00117-00031,ENDEAVOUR(Ensure Development Activities for Vulnerable Under Privileged Rural People),207,46.12,58.88,12.12,20.51,2.77,114.81,15.04
2025-06,177,375,00914-04151-00375,Environmental And Socio Economic Network (ESEN),207,,92.5,12.01,11.15,-0.87,92.12,-9.11
2025-06,178,173,00273-03453-00173,Eskander Welfare Foundation (EWF),207,65.2,62.13,-1.38,18.83,4.13,135.29,27.03
2025-06,179,467,03032-02138-00467,Aso Gori Unnayan Sangstha (AGUS),207,22.75,52.91,8.28,19.9,1.49,105.34,8.72
2025-06,180,841,21112-00056-00841,EURO BANGLA FOUNDATION (EBF),207,9.14,85.4,13.15,22.88,0.27,67.15,1.34
2025-06,181,274,04594-01141-00274,Family Development Service & Research,207,38.36,70.84,99.12,23.2,2.21,116.48,15.78
2025-06,182,438,03423-02757-00438,Faridpur Development Agency (FDA),207,35.42,46.75,47.81,23.51,8.71,130.44,47.64
2025-06,183,209,00728-00812-00209,Focus Society,207,61.43,69.12,9.76,21.21,2.14,112.38,11.52
2025-06,184,423,01688-00841-00423,Friends in Village Development Bangladesh,207,29.13,53.01,52.62,20.57,5.18,142.1,32.23
2025-06,185,91,03730-01746-00091,Gana Unnayan Kendra (GUK),207,42.32,57.04,9.92,20.17,0.63,102.85,4.09
2025-06,186,195,03606-00904-00195,Gandhi Ashram Trust,207,35.57,87.97,7.16,21.23,-2.52,87.35,-14.27
2025-06,187,208,00254-03690-00208,Gano Milan Foundation,207,36.85,79.18,16.27,21.87,1.41,79.23,7.18
2025-06,188,522,01665-00147-00522,Gazipur Unnayan Sangstha (GUS),207,,108.03,81.82,11.83,-1.51,84.12,-17.66
2025-06,189,745,03693-03523-00745,Gender and Environment Management Society (GEMS),207,21.58,82.0,20.61,17.78,0.78,93.57,4.74
2025-06,190,160,00399-01209-00160,Ghashful,207,49.62,69.29,8.89,21.29,0.49,100.71,2.65
2025-06,191,446,02041-01180-00446,GLDP (Grass-root Level Development Programme),207,7.63,52.11,45.71,11.63,4.47,151.49,37.26
2025-06,192,147,00219-01524-00147,Gono Kallyan Trust,207,56.75,53.42,12.21,20.66,1.71,109.24,9.75
2025-06,193,403,00768-00647-00403,Gono Unnayan Prochesta,208,52.71,58.57,13.53,22.11,2.1,111.4,11.17
2025-06,194,569,04329-01672-00569,Gono Unnayan Sangstha,208,76.81,172.75,7.26,0.71,-2.62,18.56,-431.9
2025-06,195,650,04833-04519-00650,Gonoshasthaya Kendra (GK),208,65.87,64.77,-32.94,17.34,3.04,133.03,26.59
2025-06,196,783,21112-00083-00783,GRAM BANGLA UNNAYAN SANGSTHA (GBUS),208,,82.57,20.11,21.87,0.42,100.0,2.05
2025-06,197,183,01271-01016-00183,Gram Bikash Kendra,208,45.63,61.56,21.36,21.15,3.29,102.5,17.46
2025-06,198,499,01758-02082-00499,Gram Bikash Sangstha (GBS),208,50.07,81.13,25.44,18.57,2.4,83.77,15.01
2025-06,199,180,02858-00277-00180,Gram Unnayan Karjakram (GRAUK),208,9.8,60.58,21.27,23.17,2.97,112.99,14.72
2025-06,200,273,02761-03196-00273,Gram Unnayan Karma (GUK),208,39.74,64.43,21.92,20.97,1.72,109.37,9.38
2025-06,201,872,21112-00701-00872,GRAMEEN ALO (GA),208,62.4,76.67,15.07,19.03,1.26,106.41,7.4
2025-06,202,527,05796-01918-00527,Grameen Alo Songstha (GAS),208,19.08,61.95,36.89,25.98,4.01,120.46,17.92
2025-06,203,495,00440-00065-00495,Grameen Economic And Social Advancement (GESA),208,61.9,68.22,22.2,5.94,1.07,91.39,34.04
2025-06,204,275,00552-01111-00275,Grameen Jano Unnayan Sangstha (GJUS),208,59.37,66.16,20.91,21.86,3.23,88.83,18.2
2025-06,205,596,03904-00198-00596,Grameen Jono Unnayan Sangstha,208,3.26,53.65,37.43,24.1,5.02,134.83,26.45
2025-06,206,840,21112-01197-00840,GRAMEEN JUBA SAMAJ KALLYAN SANGSTHA,208,34.09,92.9,27.17,36.0,0.22,100.88,1.22
2025-06,207,510,02414-00814-00510,Grameen Krishok Sohayak Sangstha (GKSS),208,,67.66,34.43,22.2,6.11,139.61,28.57
2025-06,208,201,02830-03273-00201,Grameen Manobic Unnayan Sangstha (GRAMAUS),208,46.99,53.68,8.45,21.26,3.11,115.22,19.21
2025-06,209,448,00167-00284-00448,Grameen Motsho O Pashusampad Foundation (GMPF),208,3.63,142.94,23.08,8.06,-4.04,62.64,-52.87
2025-06,210,887,32021-00249-00887,Grameen Prochesta Songstha (GPS),208,74.47,90.79,3.68,17.37,0.1,89.23,0.61
2025-06,211,161,00336-00260-00161,Grameen Progress,208,3.17,84.69,37.51,23.92,1.94,107.85,9.72
2025-06,212,776,21112-00249-00776,Grameen Samajik Unnayan Foundation (RSDF),208,73.47,61.72,6.18,14.06,1.38,110.96,10.33
2025-06,213,83,00343-03944-00083,Grameen Seba Sangstha,209,33.7,72.94,27.88,2.2,0.64,106.28,30.56
2025-06,214,697,00989-02646-00697,Graush,209,33.81,85.98,18.85,11.82,0.66,106.46,6.38
2025-06,215,62,01680-00763-00062,Habiganj Unnayan Sangstha (HUS),209,34.61,42.27,26.33,21.9,7.56,158.3,37.81
2025-06,216,172,06408-05124-00172,Hanum Health Development Foundation,209,,80.89,59.2,25.58,1.84,108.38,9.69
2025-06,217,380,01662-00774-00380,"Health, Education & Economic Development Organization (HEEDO)",209,67.25,79.54,33.41,24.48,0.6,102.46,4.47
2025-06,218,258,01399-00645-00258,HEED Bangladesh,209,27.75,67.07,25.54,22.07,2.59,102.64,14.46
2025-06,219,706,01185-04747-00706,Help Bangladesh,209,,50.67,62.53,15.8,2.98,130.18,26.89
2025-06,220,763,21112-00090-00763,Hira Samaj Unnayan Sangstha (HSUS),209,3.78,46.52,28.36,13.23,2.02,117.51,18.31
2025-06,221,124,00938-00810-00124,Holodia Mohila Unnayan Sangstha,209,72.07,69.0,43.76,16.54,1.03,99.93,11.8
2025-06,222,615,02594-01708-00615,Homeland Development Organization (HDO),209,16.53,88.87,25.5,18.19,0.12,98.51,0.77
2025-06,223,517,01469-02078-00517,HOPE,209,54.72,69.11,10.5,22.82,1.71,108.73,8.8
2025-06,224,851,21112-00643-00851,HUMAN AND NATURE DEVELOPMENT SOCIETY (HANDS),209,,64.8,6.28,21.61,0.26,100.95,1.38
2025-06,225,797,21112-00154-00797,HUMANITARIAN AID FOR RURAL DEVELOPMENT SOCIETY,209,64.59,91.64,3.55,12.1,0.35,102.78,3.34
2025-06,226,873,21112-01166-00873,Hunger Poverty Alleviation Organization (H.P.A.O),209,57.39,24.83,46.4,18.72,10.14,335.16,70.33
2025-06,227,118,01886-01501-00118,IDEAL (Institute of evelopment Education for Advancement of Landless),209,16.13,71.92,18.35,20.98,0.19,100.26,1.04
2025-06,228,761,21112-00214-00761,IDEAL KARMA SHAHAOK FOUNDATION,209,,54.85,14.27,23.73,5.0,127.95,22.55
2025-06,229,399,01133-01814-00399,Initiative for People’s Development (IPD),209,75.69,141.06,-15.57,10.78,-5.23,63.8,-53.24
2025-06,230,839,21112-0174-00839,Integrated Community Development Society (I.C.D.S),209,71.59,56.42,13.56,3.42,3.94,36.2,126.78
2025-06,231,249,01920-01872-00249,Integrated Development Foundation,209,45.33,57.06,20.0,20.48,2.33,114.75,13.72
2025-06,232,7,02693-01298-00007,Integrated Service for Development of Children & Mothers (ISDCM),210,10.94,86.62,34.68,19.82,1.08,105.62,6.07
2025-06,233,825,21112-00879-00825,INTEGRATED SOCIAL SERVICE OF PEOPLES ADVANCEMENT (ISSPA),210,,77.64,57.68,18.26,1.48,109.24,8.87
2025-06,234,259,01001-00055-00259,Integrated Social Welfare Association (ISWA),210,10.44,89.39,61.51,19.69,0.12,85.6,0.84
2025-06,235,591,01649-00325-00591,Isamati Samaj Unnayan Sangstha,210,65.69,59.52,3.8,19.8,0.34,101.78,2.09
2025-06,236,342,02183-00557-00342,Islami Social Development Organization (ISDO),210,137.15,229.37,-13.48,13.32,-10.08,30.11,-199.16
2025-06,237,334,02114-00225-00334,Jagarani Mohila Kallyan Sangstha (JMKS),210,48.32,69.96,18.14,15.39,0.12,90.91,0.85
2025-06,238,8,00322-01714-00008,Jagorani Chakra Foundation (JCF),210,33.71,51.37,31.07,22.03,4.19,124.75,21.47
2025-06,239,50,01638-01520-00050,Jagrata Juba Shangha (JJS),210,10.89,61.33,23.57,16.83,0.6,103.81,4.12
2025-06,240,231,01420-01221-00231,JAKAS Foundation,210,54.39,59.82,37.67,23.15,3.8,112.71,23.59
2025-06,241,667,06492-02142-00667,Jamuna Samaj Kallyan Sangstha,210,46.02,61.62,19.33,23.87,1.98,109.37,8.97
2025-06,242,493,00634-04219-00493,Jamuna Social Foundation,210,,76.86,7.11,17.7,-0.41,96.62,-2.66
2025-06,243,755,02251-01459-00755,Janakallyan Manobik Unnoyon Shankstha,210,19.16,52.42,42.46,20.42,7.36,157.99,37.27
2025-06,244,443,06637-04368-00443,Jano Hitoishi Sangstha,210,52.46,76.39,25.27,13.31,1.98,120.37,17.28
2025-06,245,772,21112-00384-00772,JANO UNNAYAN FOUNDATION,210,28.99,78.31,11.39,18.92,1.04,104.64,6.17
2025-06,246,310,02487-00630-00310,Janoseba,210,0.6,61.21,28.59,21.99,3.38,122.21,19.51
2025-06,247,736,02334-01829-00736,Jatio Tarun Sangha,210,,54.09,69.14,22.49,8.5,166.39,40.19
2025-06,248,707,02838-03610-00707,Joutha Udyog,210,71.89,172.46,-9.32,6.17,-5.19,53.49,-104.9
2025-06,249,700,06220-04807-00700,Joutha Unnayan Prochesta (JUP),210,11.99,45.02,24.02,18.44,5.14,142.65,34.27
2025-06,250,784,21112-00253-00784,JOYOTI SOCIETY,210,,86.68,6.47,23.27,1.56,108.92,9.78
2025-06,251,278,01421-02528-00278,Joypurhat Rural Development Movement (JRDM),210,56.28,58.28,19.5,22.27,3.91,123.55,19.84
2025-06,252,144,00192-01282-00144,Jugantar Samaj Unnayan Sangstha (JSUS),210,31.51,66.13,17.58,21.94,2.03,110.81,10.36
2025-06,253,540,02418-00176-00540,Kakon Bahumuki Unnayan Songstha (KBUS),211,66.58,57.5,9.68,22.81,0.15,99.66,0.77
2025-06,254,607,03022-02787-00607,Karatoa Pally Unnoyan Shangstha (kpus),211,7.96,107.95,32.72,14.99,-2.56,84.07,-19.47
2025-06,255,132,04487-01682-00132,Karmarjan,211,,72.99,35.03,18.49,0.23,100.64,1.37
2025-06,256,638,01632-02081-00638,Khandaker Kallyan Trust and Organization,211,,397.57,21.28,7.62,-21.5,23.88,-317.5
2025-06,257,601,02196-00957-00601,Khandokhetro Samajic Unnayan Sangstha (K.S.D.O.),211,,94.47,82.22,10.84,0.01,99.42,0.14
2025-06,258,35,01222-00357-00035,Khulna Mukti Seba Sangstha (KMSS),211,50.36,73.71,38.9,20.97,0.19,99.82,1.02
2025-06,259,309,01404-00160-00309,KPUS (Kushtia Palli Unnayan Sangstha),211,44.69,63.56,15.56,18.58,1.68,111.07,10.3
2025-06,260,639,02774-00112-00639,Lal Hossain Chowdhury Memorial Foundation,211,47.01,107.84,-47.09,14.96,-2.66,81.8,-21.24
2025-06,261,286,00037-01156-00286,Leya Health & Education Development Foundation,211,115.53,98.23,30.17,9.7,-0.78,76.31,-23.01
2025-06,262,774,21112-00583-00774,Light House,211,63.04,62.07,13.45,22.12,0.25,100.9,1.35
2025-06,263,721,02073-00518-00721,Local Development Program (LDP),211,1.54,53.44,79.88,18.3,2.19,109.53,16.37
2025-06,264,238,01481-01211-00238,Local Initiative for Empowerment (LIFE),211,22.61,56.92,41.03,30.43,2.16,116.75,15.74
2025-06,265,72,03701-02567-00072,LUSTRE,211,49.64,48.38,15.45,22.4,0.41,93.88,1.89
2025-06,266,218,00927-01082-00218,Mamata,211,39.15,62.02,29.78,21.28,1.74,106.65,11.46
2025-06,267,716,02169-02573-00716,Manab Kallayan Sangstha Comilla (MAKS COMILLA),211,97.86,73.26,11.4,9.33,0.23,93.77,6.51
2025-06,268,762,21112-00001-00762,Manab Mukti Sangstha,211,48.7,43.68,34.23,26.53,6.45,146.55,33.85
2025-06,269,359,04591-03510-00359,Manab Sampad Unnayan Kendra,211,64.25,61.49,14.08,21.7,3.65,118.68,18.7
2025-06,270,339,03352-01574-00339,Manab Seba Ovijan,211,21.9,54.02,22.17,21.42,3.9,125.37,21.0
2025-06,271,686,04615-00668-00686,Manab Unnayan Kendra,211,27.87,61.93,47.51,20.56,4.48,131.19,24.05
2025-06,272,233,00165-01033-00233,Manabik Shahajya Sangstha (MSS),211,30.33,71.49,35.93,19.0,0.68,103.2,4.22
2025-06,273,777,21112-00181-00777,Manikganj Unnayan Songstha (Maus),212,46.61,65.74,10.33,11.53,-2.09,74.25,-19.69
2025-06,274,67,03457-02024-00067,Manob Sakti Unnayan Kendro (MSUK),212,6.76,68.43,70.1,20.92,3.91,127.55,23.9
2025-06,275,618,02279-01355-00618,Maitree Seba Sangstha (matreeseba),212,36.3,76.06,3.94,17.52,0.51,102.32,3.41
2025-06,276,651,00678-00342-00651,Mirzapur Paribesh Unnayan Foundation,212,1.27,51.06,7.8,12.17,3.11,135.18,26.99
2025-06,277,450,01465-02227-00450,Modern Development Organization (MDO),212,58.66,54.74,17.62,21.25,4.23,127.87,23.06
2025-06,278,363,03703-01005-00363,Mohila Bohumukhi Shikkha Kendra (Mohila Bohumukhi Shikkha Kendra),212,51.31,72.46,41.15,19.06,1.05,106.22,8.11
2025-06,279,795,21112-00164-00795,MOHISHBATHAN SAMAJ KALLAYAN SAMITI,212,31.22,67.3,53.73,19.49,2.89,121.53,18.3
2025-06,280,223,00785-00079-00223,Mother Advancement Assistance (MAA),212,11.63,92.26,35.93,16.05,0.14,99.34,1.1
2025-06,281,586,00295-00985-00586,Moulik Babosthapona Sangstha (BMS),212,67.39,59.7,8.12,16.82,0.19,100.65,1.41
2025-06,282,240,00563-00229-00240,Mousumi,212,45.19,41.0,26.8,21.91,7.47,140.84,39.53
2025-06,283,272,00908-00278-00272,Mukti Cox’sbazar,212,45.19,70.56,13.42,20.12,1.48,106.42,8.27
2025-06,284,381,05793-02095-00381,Mukti Foundation,212,2.82,66.3,46.67,10.39,0.9,111.13,11.66
2025-06,285,306,01119-00936-00306,Muktipath Unnayan Kendra,212,14.16,73.67,33.14,20.8,1.77,110.08,9.9
2025-06,286,368,02764-00738-00368,Muslim Aid-Bangladesh,212,1.64,71.19,41.6,21.19,1.5,107.93,9.3
2025-06,287,158,01045-00591-00158,Nabolok Parishad,212,51.57,58.7,16.68,20.04,2.54,116.18,14.89
2025-06,288,514,00697-02433-00514,Namuja Orthonoitik Unnayan Sangstha (NEDO),212,70.04,91.43,9.65,15.1,-5.09,71.83,-44.97
2025-06,289,842,21112-0110-00842,Nari Development Organization (NDO),212,,51.68,47.32,21.79,7.3,153.68,36.52
2025-06,290,575,00976-03082-00575,Nari Maitree (NM),212,51.17,49.14,34.71,17.5,1.27,108.29,8.4
2025-06,291,149,00206-00025-00149,Nari Uddog Kendra (NUK),212,36.97,40.28,6.6,17.68,4.8,158.29,37.45
2025-06,292,750,01447-01882-00750,Nari Unnayan Forum (NUF),212,70.0,81.36,28.19,11.46,0.54,107.37,7.44
2025-06,293,422,00046-00327-00422,Naria Unnayan Samity (NUSA),212,52.77,50.91,22.17,21.34,4.7,131.77,25.2
2025-06,294,123,00260-01715-00123,National Development Council (NDC),213,7.55,55.32,75.35,21.17,6.75,159.67,38.68
2025-06,295,222,01229-00332-00222,National Development Programme (NDP),213,28.9,48.97,37.93,22.0,6.33,140.99,32.15
2025-06,296,646,05827-02134-00646,Nawbagonj Integrated Poverty Aleavation Foundation,213,,67.22,14.01,17.98,1.38,108.78,8.51
2025-06,297,139,02489-00089-00139,Nazir (Natun Zibon Rochi),213,47.47,68.56,18.42,21.32,2.54,111.08,13.22
2025-06,298,711,02786-01857-00711,Nazrul Smriti Sangsad (NSS),213,26.4,70.28,37.45,6.79,0.28,95.28,5.34
2025-06,299,508,01666-00838-00508,NEDA Society,213,16.03,76.52,60.88,19.81,0.75,105.07,5.25
2025-06,300,61,02408-01107-00061,New Era Foundation,213,37.84,54.23,26.28,20.89,4.74,131.4,27.26
2025-06,301,566,01053-01207-00566,New Initiative for Empowerment of the Poor,213,20.25,62.79,39.34,13.79,2.25,120.52,17.65
2025-06,302,863,21112-00247-00863,NICE SOCIAL WELFARE Organization (NSWO),213,18.04,34.29,77.83,23.18,11.16,241.58,60.37
2025-06,303,602,02837-01724-00602,Nirapad Islami Gram Unnayan Sangstha (NIGUS),213,5.9,52.87,28.09,14.34,3.06,127.14,22.74
2025-06,304,675,02611-01592-00675,Nirapod Samaj (NS),213,66.26,57.61,11.32,17.78,1.29,108.14,7.97
2025-06,305,535,01489-03241-00535,Nirman Sangathan (NS),213,77.58,58.46,12.77,19.85,3.9,128.33,22.88
2025-06,306,580,01021-00508-00580,Nirmol Foundation (nirmolf),213,,88.01,64.33,10.43,0.72,92.24,7.89
2025-06,307,378,02867-00786-00378,Nishkriti,213,9.47,77.55,29.59,20.25,1.0,105.26,5.59
2025-06,308,352,02640-01133-00352,Niskrity Foundation,213,,65.62,14.81,23.07,0.68,89.55,3.06
2025-06,309,392,02475-01522-00392,Noakhali Rural Action Society (N- RAS),213,31.51,57.92,14.68,18.26,4.31,133.81,32.38
2025-06,310,116,01514-02005-00116,Noakhali Rural Development Society,213,15.78,61.43,34.3,21.54,3.91,125.61,21.03
2025-06,311,418,01361-00347-00418,Noble Education & Literary Society,213,75.52,56.28,17.03,23.99,5.22,134.78,26.4
2025-06,312,166,01510-00598-00166,Nobo Jibon,213,61.21,41.13,6.23,18.15,0.1,87.03,0.61
2025-06,313,884,32021-00049-00884,Nobojatra Manobik Unnayan Sangstha,213,79.66,93.45,-3.43,19.55,-4.2,81.09,-23.15
2025-06,314,782,21112-00404-00782,NOOR FOUNDATION BANGLADESH,213,52.81,100.93,0.07,22.35,-3.03,78.62,-14.87
2025-06,315,407,00314-02594-00407,Normisjon Bangladesh,214,,51.86,62.7,21.08,9.26,143.17,49.19
2025-06,316,660,02678-04178-00660,North Bengal Rural Development Society (NRDS),214,3.55,49.9,45.56,23.64,8.48,167.25,40.83
2025-06,317,823,21112-00170-00823,Northern Development Foundation-NDF,214,3.66,76.28,36.62,14.66,0.73,105.02,5.4
2025-06,318,284,04791-03146-00284,Notun Shathi,214,20.31,46.93,32.45,17.18,5.24,154.04,35.96
2025-06,319,345,01519-00587-00345,Nowabenki Gonomukhi Foundation,214,47.08,69.89,11.17,19.98,0.95,91.99,5.34
2025-06,320,314,01620-02596-00314,OPCA ( Organization for the Poor Community Advancement),214,33.96,85.06,4.37,20.56,-2.92,81.5,-16.43
2025-06,321,186,02428-03744-00186,Organization for Social Advancement & Cultural Activities (OSACA),214,41.58,51.22,37.91,24.59,5.8,138.13,28.92
2025-06,322,39,00670-00643-00039,Organization for Social and Economical Development (OSED),214,49.85,90.21,0.25,19.74,-2.6,86.78,-14.94
2025-06,323,642,06035-01175-00642,Organization-for-the Poor Advancement Committee (OPAC),214,67.26,96.56,1.39,15.84,-1.16,91.67,-8.17
2025-06,324,101,01648-01342-00101,Pabna Protishsruti,214,61.83,55.19,17.3,20.44,3.04,120.12,17.75
2025-06,325,95,00181-00468-00095,Padakhep Manabik Unnayan Kendra (Padakhep),214,54.53,58.74,15.27,18.69,0.7,102.74,4.86
2025-06,326,28,00561-00657-00028,Page Development Centre,214,29.47,64.05,26.38,21.93,3.05,117.3,15.57
2025-06,327,817,21112-00020-00817,PALIMATI SAMAJ KALYAN FOUNDATION (PSKF),214,55.71,62.37,13.47,20.96,3.54,121.21,17.81
2025-06,328,90,00313-00543-00090,Palli Bandhan Kendra,214,20.31,65.78,19.92,21.33,3.5,120.64,17.7
2025-06,329,383,00277-04240-00383,Palli Bhandhu Unnayan Sangstha,214,63.67,67.65,3.69,15.13,0.22,100.35,1.59
2025-06,330,645,02170-00679-00645,Palli Bikash Foundation (PBF),214,,37.3,79.97,4.24,0.75,128.27,22.27
2025-06,331,554,00094-01095-00554,Palli Karma Unnayan Sangstha (PKUS),214,18.95,38.5,8.47,11.93,1.13,110.97,9.97
2025-06,332,312,00862-00387-00312,Palli Mongal Karmosuchi,214,33.55,48.64,45.11,21.62,6.87,153.26,36.43
2025-06,333,197,02223-01083-00197,Palli Pragati Samity,214,49.45,61.27,21.68,21.37,4.03,126.48,21.65
2025-06,334,280,02178-00214-00280,Palli Progoti Shahayak Samity,214,50.72,68.64,26.5,22.11,0.91,102.02,4.9
2025-06,335,282,01619-04118-00282,Palli Rakkha Sangstha (PARAS),215,44.18,72.6,38.93,24.04,0.62,102.06,2.92
2025-06,336,37,01235-00619-00037,Palli Samonnaya O Shikkha Kallyan Parishad (Pasashik Parsad),215,50.99,43.11,15.48,17.85,8.61,203.87,51.64
2025-06,337,794,21112-00406-00794,Palli Seba Sangha (PSS),215,14.61,51.32,25.22,20.91,6.5,131.92,32.03
2025-06,338,331,00208-05115-00331,Palli Shishu Foundation of Bangladesh,215,49.01,57.07,23.44,22.91,3.69,122.46,20.67
2025-06,339,193,00984-01198-00193,Palli Sohojogi Bishoyak Sangstha (ARCO),215,1.23,283.34,42.42,5.34,-9.57,32.37,-208.76
2025-06,340,313,01572-00660-00313,Pollisree,215,55.95,54.66,21.44,20.36,3.8,127.53,22.53
2025-06,341,705,02909-04702-00705,Palli Unnayan Foundation,215,54.31,76.25,3.42,13.11,0.07,95.21,0.63
2025-06,342,440,01667-00832-00440,Palli Unnayan Parishad (PUP),215,4.79,70.52,38.64,12.69,0.84,107.86,8.01
2025-06,343,190,00529-03996-00190,Pally Bikash Kendra (PBK),215,38.83,59.1,19.33,21.68,1.66,108.94,9.64
2025-06,344,254,00140-01701-00254,Pally Unnayan Samaj Kallyan Sangstha,215,29.42,83.97,9.23,17.24,1.15,104.45,6.97
2025-06,345,553,03517-03233-00553,Peoples Union of the Marginalized Development Organization (PUMDO),215,32.15,80.21,27.84,10.88,0.74,101.65,8.12
2025-06,346,737,02066-00241-00737,PANJERI SWAMAJ UNNAYAN SANGSTHA (PSUS),215,24.92,58.7,30.74,20.95,4.29,126.8,22.34
2025-06,347,473,01849-01564-00473,Parashmoni Samajik Unnayan Sangstha,215,74.54,57.62,12.17,21.23,3.2,117.48,17.88
2025-06,348,178,00474-00243-00178,Paribar Unnayan Sangstha (FDA),215,33.91,41.04,45.89,21.44,7.66,171.11,44.65
2025-06,349,126,02819-01137-00126,Pariber O Shishu Kallyan Kendra,215,4.09,61.75,60.67,20.06,4.78,117.25,30.51
2025-06,350,453,00810-00012-00453,Participatory Development Organization (PDO),215,44.45,53.36,16.26,19.14,4.03,128.51,23.32
2025-06,351,261,00649-00380-00261,Patakuri Society,215,40.46,63.24,14.29,19.95,2.67,117.28,15.26
2025-06,352,162,00935-00094-00162,PIDIM Foundation,215,43.27,55.2,16.72,19.98,2.3,110.27,13.05
2025-06,353,878,21112-00876-00878,PDO(Peace & Development Organization),215,,88.03,7.51,13.35,1.01,106.72,7.05
2025-06,354,807,21112-00106-00807,People’s Development Foundation (PDF),215,55.04,59.31,8.42,17.48,4.61,134.2,27.59
2025-06,355,505,02288-00609-00505,Peoples Development Society (PDS),216,19.98,59.35,52.0,26.98,9.18,104.52,40.23
2025-06,356,854,21112-00144-00854,Peoples Organization For Empowerment (POFE),216,43.31,78.18,21.15,14.33,0.67,104.42,5.26
2025-06,357,159,02150-01563-00159,Peoples Oriented Program Implementation (POPI),216,43.35,52.65,16.45,20.64,1.74,109.21,10.07
2025-06,358,627,00257-00066-00627,People’s Welfare Foundation,216,81.24,63.6,11.86,20.12,1.38,108.26,8.73
2025-06,359,416,00090-01828-00416,Perfect Development Foundation,216,30.08,66.15,45.1,20.27,3.15,123.81,19.57
2025-06,360,735,00861-02582-00735,Polly Arthik Unnayan Karzocrom,216,,67.7,13.73,18.69,1.61,107.88,9.57
2025-06,361,210,00021-00760-00210,Polly Sheba Shangstha(PSS),216,66.41,57.81,12.28,21.29,4.06,126.39,21.91
2025-06,362,717,01308-01875-00717,Poor Human Integrated Social Welfare Organization (PHISWO),216,55.21,80.85,21.45,10.31,0.03,96.55,0.34
2025-06,363,623,01398-01622-00623,Poor Relief Services & Health Assistance Society,216,24.84,59.23,25.85,20.69,3.64,123.72,19.58
2025-06,364,204,01616-01384-00204,Poor Welfare Organization (PWO),216,32.05,52.5,39.77,24.42,3.93,123.15,21.04
2025-06,365,578,01770-01587-00578,Poribar Kallyan Sahayak Samittee (PKSS),216,31.45,62.64,29.07,19.82,2.32,113.69,12.98
2025-06,366,622,00566-00036-00622,Poribar Unnayon Foundation (FDF),216,36.71,59.28,13.69,20.84,1.58,108.62,8.73
2025-06,367,785,21112-00211-00785,Pous Foundation,216,54.36,68.48,27.71,18.39,0.69,104.31,4.68
2025-06,368,471,03434-00816-00471,Poverty Alleviation and Social Advancement Association (PASAA),216,15.03,73.89,20.6,13.44,1.53,113.42,12.24
2025-06,369,255,00751-00623-00255,Poverty Alleviation Drive (PADT),216,,70.86,25.39,19.69,1.1,106.01,6.11
2025-06,370,107,00571-00090-00107,Poverty Alleviation Through Participatory Rural Initiatives (PAPRI),216,,68.98,65.28,22.82,4.78,130.12,24.71
2025-06,371,307,00521-00022-00307,PRISM Bangladesh Foundation,216,45.88,51.75,39.79,20.46,5.28,139.91,30.99
2025-06,372,194,00987-00690-00194,Prodipan,216,14.83,44.82,20.44,19.81,6.01,147.93,33.07
2025-06,373,48,01987-01454-00048,Progoti Samajkallyan Sangstha (PSS),216,62.99,76.0,15.41,20.23,0.14,100.27,0.83
2025-06,374,135,01508-00703-00135,Program for Community Development (PCD),216,36.96,43.78,48.15,21.5,8.17,159.46,45.98
2025-06,375,793,21112-00042-00793,PROGRAMMES FOR PEOPLES DEVELOPMENT (PPD),217,44.11,57.29,46.03,18.32,3.67,127.43,27.21
2025-06,376,844,21112-00003-00844,PROGRESSIVE STAR SOCIETY (P.S.S),217,68.94,61.69,10.82,18.41,1.94,111.63,10.89
2025-06,377,370,03647-01306-00370,PROKAS (Proshikkan Karmasangsthan O Artha-Samajic Unnayan Sangstha),217,0.53,37.02,51.14,21.62,7.18,165.57,41.54
2025-06,378,600,00152-03135-00600,Proshika Manabik Unnayan Kendro,217,28.56,54.23,24.44,18.34,2.13,106.58,15.86
2025-06,379,625,05094-02747-00625,Protibandhi Kallyan Kendro (PKK),217,56.89,62.11,8.09,16.38,0.09,98.68,0.61
2025-06,380,616,01925-03159-00616,Protiddhani Samaj Unnaya Sangstha (PSUS),217,51.28,73.02,18.5,8.8,1.26,112.1,14.4
2025-06,381,568,04558-01053-00568,Protisruti Manobik Bikash Sangstha,217,9.16,83.27,34.7,22.5,0.44,101.94,2.25
2025-06,382,20,02234-00389-00020,Prottoy Unnayan Sangstha (Prottoy),217,31.4,51.73,27.05,21.47,5.35,136.63,27.38
2025-06,383,145,00940-00304-00145,Prottyashi,217,13.38,65.15,46.93,21.76,4.53,109.68,25.03
2025-06,384,248,00978-00986-00248,Proyas Manobik Unnayan Society,217,60.31,67.15,12.56,20.78,1.53,92.57,8.7
2025-06,385,439,03596-01741-00439,Proyash Unnayan Sangstha,217,21.66,74.61,34.65,13.96,0.86,107.2,7.42
2025-06,386,779,21112-00691-00779,PUSPO POLLI UNNAYAN SONGSTHA,217,40.28,113.94,25.89,16.94,-2.91,84.26,-18.55
2025-06,387,74,02107-00182-00074,Rajshahi Social Development Program (RSDP),217,63.74,35.33,12.33,18.7,2.35,115.92,14.76
2025-06,388,457,00933-00078-00457,Rangpur Health & Education Improvement Society (RHEIS),217,17.79,69.33,12.77,15.87,0.56,103.74,4.35
2025-06,389,76,02547-00551-00076,Rangpur Unnayan Samajik Sangstha (RDSS),217,35.37,45.87,49.6,21.42,7.79,188.08,48.45
2025-06,390,820,21112-00210-00820,Raymajhira Sabuj Sangha (RSS),217,47.04,67.73,31.04,14.21,1.01,107.88,7.75
2025-06,391,192,00143-00175-00192,RDRS Bangladesh,217,44.18,59.66,23.34,19.97,1.65,107.95,9.63
2025-06,392,652,00302-01029-00652,Relation,217,22.36,80.38,16.62,22.72,3.14,116.42,15.71
2025-06,393,429,00924-00476-00429,Resource Development Foundation (RDF),217,112.09,89.51,11.6,11.67,0.16,74.27,2.31
2025-06,394,167,00349-01375-00167,Resource Integration Centre (RIC),217,63.29,52.63,11.18,21.78,1.69,106.89,8.69
2025-06,395,664,02450-02480-00664,Retired Grameen Banker’s Foundation,218,51.45,684.85,-52.83,5.81,-38.71,11.23,-910.17
2025-06,396,611,00018-00267-00611,RISDA- Bangladesh,218,,79.05,12.24,16.42,1.76,108.42,11.64
2025-06,397,843,21112-0295-00843,Rishi Foundation,218,14.75,75.31,34.25,21.83,1.11,103.78,6.2
2025-06,398,138,00858-00806-00138,Rova Foundation,218,59.87,55.42,19.88,20.84,4.15,128.57,23.33
2025-06,399,827,21112-01068-00827,RUPASHI BANGLA UNNAYAN SANGSTHA (RBUS),218,64.44,56.95,21.26,18.02,4.61,139.1,28.93
2025-06,400,771,21112-00273-00771,RUPOSHI BANGLA SOCIETY,218,63.3,72.36,16.1,11.16,0.27,89.17,2.84
2025-06,401,478,04097-03718-00478,Rural & Urban People’s Association (RUPA),218,78.28,55.82,7.92,21.88,0.38,101.15,2.15
2025-06,402,120,00903-04841-00120,Rural Advancement Committee for Bangladesh (RAC-angladesh),218,254.9,71.6,-48.18,7.7,0.53,114.35,16.11
2025-06,403,692,03012-02315-00692,Rural Advancement Committee (RAC),218,28.97,80.35,26.57,16.9,0.73,104.58,4.83
2025-06,404,262,01565-00555-00262,Rural Development and Welfare Foundation,218,10.41,67.55,27.5,20.58,0.45,100.87,2.77
2025-06,405,681,00097-02216-00681,Rural Development Associate (RDA),218,13.59,86.67,26.91,5.79,0.11,99.92,2.1
2025-06,406,374,00193-00028-00374,Rural Development Sangstha (RDS),218,56.34,70.74,14.39,19.2,0.67,93.9,4.02
2025-06,407,432,00964-00780-00432,Rural Economic Development Aid Society (REDAS),218,1.17,86.23,88.86,22.37,0.3,101.67,2.05
2025-06,408,206,02453-02558-00206,Rural Economic Support & Care for the Under Privileged (RESCUE),218,61.48,63.64,15.0,22.04,3.43,120.44,17.4
2025-06,409,834,21112-01143-00834,Rural Environment Education And Economic Development Society (REEEDS),218,13.31,52.27,70.02,20.87,8.49,147.44,48.15
2025-06,410,291,00773-00195-00291,Rural Health Education and Credit Organization (Rheco),218,64.88,53.72,13.28,21.06,3.13,119.26,17.07
2025-06,411,26,01372-00199-00026,Rural Reconstruction Foundation,218,52.32,55.97,17.65,19.51,2.57,114.96,15.66
2025-06,412,752,06616-04316-00752,Rural Reconstruction Society (R.R.S),218,,367.79,67.65,2.04,-7.1,24.63,-349.74
2025-06,413,640,00827-01334-00640,Rural Youth Development Organization (RYDO),218,38.81,65.01,19.74,15.89,0.71,104.08,5.12
2025-06,414,833,21112-00034-00833,S T R Foundation,219,25.83,40.55,36.97,17.32,7.03,180.16,45.39
2025-06,415,582,00784-00485-00582,Society Development Committee (SDC),219,3.16,66.59,32.71,13.12,0.85,107.47,7.2
2025-06,416,122,01117-02418-00122,Saat Ichchha Manabik Unnayan Sangstha (SIMUS),219,48.37,82.75,3.91,13.31,1.15,107.72,9.56
2025-06,417,224,00696-01519-00224,Sabalamby Unnayan Samity,219,47.02,66.43,11.22,22.17,2.8,112.7,16.16
2025-06,418,865,21112-00669-00865,SABUJ BANGLA ARTHO SAMAJIK UNNAYAN SANGSTHA,219,40.4,65.03,5.52,15.18,1.51,107.97,10.91
2025-06,419,212,02461-01449-00212,Sachetan Society (SS),219,44.75,67.65,8.06,19.38,0.27,100.48,1.62
2025-06,420,603,05041-02232-00603,SAGAR,219,,63.28,38.32,23.72,2.81,119.02,17.37
2025-06,421,117,00508-00062-00117,Sagarika Samaj Unnayan Sangstha (SSUS),219,44.62,61.12,17.25,21.08,1.85,104.97,10.09
2025-06,422,301,02536-00744-00301,SAHAI- (Sesshashebi Pally Unnayan Sangstha),219,4.04,84.0,68.23,11.15,0.11,100.99,1.22
2025-06,423,155,00251-00155(K)-155,Sajida Foundation (SF),219,45.2,56.82,15.24,22.13,1.08,105.28,5.38
2025-06,424,6,03073-00100-00006,Samadhan,219,48.07,56.56,18.35,21.36,2.64,114.33,13.97
2025-06,425,838,21112-0809-00838,Samahar-Woman And Child Development Society (Samahar),219,,76.49,51.63,13.93,1.53,112.17,11.81
2025-06,426,82,00729-00046-00082,Samaj Unnayan Kendra (SUK),219,11.38,42.03,58.0,23.88,8.82,177.14,45.69
2025-06,427,890,32021-00353-00890,Somaj Unnayun Songstha (SDS),219,74.55,84.26,20.77,26.5,2.97,113.24,12.91
2025-06,428,150,06113-01586-00150,Samajik Sheba Shongothon,219,22.76,63.32,11.3,22.44,1.47,106.35,7.25
2025-06,429,333,01573-00559-00333,Samakal Samaj Unnayan Sangstha (SSUS ),219,65.55,63.95,16.88,20.39,2.73,117.3,16.01
2025-06,430,684,01967-01203-00684,Samannita Attonirvorsheel Samaj Unnyon Sangstha (SISDA),219,70.37,42.71,22.18,15.38,3.95,144.19,36.65
2025-06,431,51,01230-00434-00051,Samannita Unnayan Seba Sangathan (SUSS),219,66.2,72.77,7.89,19.92,1.21,105.87,7.33
2025-06,432,364,01466-03813-00364,Samata Unnyan Sangstha,219,19.54,64.98,13.69,18.53,2.59,119.19,16.98
2025-06,433,289,00615-03147-00289,Sammannita Samaj Unnayan Sangstha (ICDA),219,47.3,101.6,-3.21,19.24,-3.68,76.14,-24.75
2025-06,434,619,00016-03290-00619,Sammilon Foundation (SF),220,13.63,68.31,11.18,26.7,1.81,108.08,7.76
2025-06,435,696,01645-04174-00696,Sanchayan Unnayan Sangstha (SUS),220,53.0,56.94,38.71,20.33,4.53,136.96,28.41
2025-06,436,857,21112-00362-00857,SANCO (Social Advancement Networking Community Organization),220,55.49,56.45,31.28,12.27,1.39,112.6,12.34
2025-06,437,409,02117-01261-00409,Sangkalpa Trust (ST),220,98.88,69.13,7.69,23.75,0.58,101.64,4.45
2025-06,438,188,03782-00958-00188,SANGRAM (Sangathita Gramunnyan Karmasuchi),220,57.58,57.99,16.87,19.91,2.62,116.74,14.78
2025-06,439,121,01884-02230-00121,Saptagram Nari Swanirvar Parishad,220,0.19,85.01,112.43,8.92,0.03,99.43,0.6
2025-06,440,741,03394-01823-00741,Sathi Samaj Unnayan Sangstha,220,16.15,93.19,29.46,15.42,0.15,99.68,1.03
2025-06,441,749,04532-02311-00749,Satkhira Manob Unnayan Sangstha,220,11.24,49.78,18.3,16.08,2.45,118.37,16.28
2025-06,442,225,00895-00696-00225,Satkhira Unnayan Sangstha (SUS),220,48.85,59.89,21.03,20.18,3.68,109.81,21.5
2025-06,443,229,03074-04616-00229,SDS (Shariatpur Development Society),220,45.58,47.74,28.41,20.97,6.03,133.46,33.51
2025-06,444,688,05267-02974-00688,Seba Artha Samajik Unnayan Sangstha,220,72.85,45.47,13.86,8.61,0.13,59.84,1.64
2025-06,445,530,01689-01092-00530,Seba Environment Development Society,220,14.23,56.98,34.14,18.79,4.75,137.81,28.67
2025-06,446,835,21112-01126-00835,Seba Foundation,220,3.95,73.44,3.67,23.79,0.15,100.26,0.72
2025-06,447,822,21112-01018-00822,Seba Gram Unnayan Sangstha,220,,74.93,88.74,15.82,0.85,87.66,6.25
2025-06,448,320,02821-04576-00320,SEBA- Social Edifi cation of Benign Assimilation Society (SEBA),220,32.42,103.36,19.36,11.27,-1.88,82.48,-18.84
2025-06,449,881,21112-00440-00881,Sebar Agrodrut (Ekati Samajik Unnayanamulaka Sanstha),220,35.41,118.09,38.78,5.3,-1.75,68.37,-34.84
2025-06,450,814,21112-00509-00814,Seed Program of Grameen Society,220,45.67,67.01,22.47,21.59,3.69,105.89,19.09
2025-06,451,768,21112-00125-00768,Sejuti Health & Education Development Foundation,220,43.59,52.82,34.11,26.03,10.01,164.83,40.32
2025-06,452,308,02630-02645-00308,Self-Help & Rehabilitation Programme (SHARP),220,48.71,72.92,17.73,21.04,1.0,91.52,5.32
2025-06,453,371,04086-04801-00371,Self-Employment for Rural Destitute Women Through Cottage industries (SERWTCI),221,13.11,1274.21,149.5,1.77,-23.94,7.45,-4224.29
2025-06,454,400,00608-01405-00400,Shahajira Mohila O Shishu Unnayan Sangstha,221,78.24,44.26,28.03,12.54,0.3,102.56,2.84
2025-06,455,18,00176-00059-00018,Shakti Foundation for Disadvantaged Women (Shakti Foundation),221,52.19,46.04,16.81,21.28,1.64,109.51,9.32
2025-06,456,526,02946-04128-00526,Shalom,221,,100.14,55.36,18.1,-1.94,88.39,-13.1
2025-06,457,674,00760-01412-00674,Shamoli Polli Unnayan Sangstha,221,39.83,61.21,30.59,22.25,3.81,121.72,19.83
2025-06,458,460,00926-01517-00460,Shanti Preyo Sangstha (spsorg),221,5.82,66.39,26.14,18.69,1.85,111.55,10.79
2025-06,459,53,05318-00561-00053,Shapla Gram Unnayan Sangstha,221,65.31,41.4,13.01,23.13,3.46,120.12,17.75
2025-06,460,426,00256-03650-00426,Shawdesh Unnayan Kendra-SUK,221,0.12,59.66,60.06,8.64,2.76,150.42,34.2
2025-06,461,718,05632-02919-00718,Shefali Mohila Kallayan Sango (smks),221,40.28,104.29,28.85,5.83,-0.54,91.21,-9.94
2025-06,462,678,02991-02053-00678,SHESO(Organization Of Social Health Education & Sanitation),221,11.05,81.85,14.83,24.72,0.61,101.47,2.71
2025-06,463,198,00188-00254-00198,Shetu Bangladesh,221,2.08,63.04,-1.25,16.44,1.19,119.88,16.58
2025-06,464,63,01101-02096-00063,Sheva Nari O Shishu Kallyan Kendra,221,42.24,57.15,8.34,21.04,2.76,117.11,15.58
2025-06,465,668,01388-01705-00668,Shikha Samaj Kalyan Sangstha,221,12.18,88.26,18.87,20.54,0.55,102.63,3.12
2025-06,466,468,02516-01291-00468,Shiropa Development Society,221,58.73,66.96,14.26,18.52,2.12,103.18,12.67
2025-06,467,1,05136-00895-00001,Shishu Niloy Foundation,221,35.46,48.61,27.45,22.19,5.69,137.68,28.48
2025-06,468,216,01359-03407-00216,"Shishu Sasthya Foundation, Bangladesh",221,17.19,87.24,0.0,17.21,0.05,98.53,0.32
2025-06,469,207,01116-00072-00207,Shataphool Bangladesh,221,57.74,64.82,14.83,19.54,2.24,98.03,13.06
2025-06,470,687,00818-01310-00687,Shusamaj Foundation,221,17.7,90.62,31.74,20.37,0.03,99.79,0.16
2025-06,471,38,00345-00075-00038,SHUSHILAN,221,46.77,86.43,14.21,18.1,0.16,99.98,1.02
2025-06,472,790,21112-00483-00790,Sirajgonj Manab Kallan & Somaj Unnoan Songstha,221,5.6,65.11,67.96,18.58,0.7,93.68,4.15
2025-06,473,549,01742-01625-00549,Sisa Jubo Samaj Kallayan Sangstha,222,30.61,82.56,21.01,10.31,0.45,102.8,4.76
2025-06,474,45,01621-00534-00045,SKS Foundation,222,59.87,55.58,15.04,20.73,2.89,113.12,16.29
2025-06,475,47,01300-00405-00047,Social Advancement Through Unity (SATU),222,34.37,63.23,14.99,21.61,1.49,108.02,8.4
2025-06,476,831,21112-00367-00831,Social Advancement Community Organization (SACO),222,55.17,49.65,54.39,129.88,39.66,139.74,39.04
2025-06,477,537,00151-01548-00537,Social Advancement for Village Environment (SAVE),222,27.07,78.49,19.55,21.64,0.36,101.18,1.85
2025-06,478,44,00014-00052-00044,Social And Economic Enhancement Programme-Seep,222,46.17,84.82,7.54,21.74,-5.07,78.82,-27.26
2025-06,479,542,00952-00132-00542,Social Assistance and Rehabilitation for the Physically Vulnerable,222,58.84,48.16,18.82,22.13,5.51,141.82,30.82
2025-06,480,666,06990-02845-00666,Social Association for Future Establishment (SAFE),222,,72.44,31.08,20.99,0.89,104.82,5.11
2025-06,481,531,06344-01621-00531,Social Development Association,222,25.19,88.72,27.71,14.76,0.38,102.67,2.85
2025-06,482,702,02703-01896-00702,Social Development Committee (SDC),222,,72.86,20.5,26.73,0.07,100.18,0.3
2025-06,483,590,00845-01185-00590,Social Development Organization (SDO),222,35.76,54.53,22.21,20.31,3.7,123.1,19.44
2025-06,484,802,21112-00729-00802,Social Development Service (SDS),222,66.85,77.85,43.05,21.54,1.87,115.01,13.56
2025-06,485,88,01910-00250-00088,Social Earn Baking Advancement (SEBA),222,18.2,83.32,71.12,18.86,0.24,99.49,1.67
2025-06,486,743,02091-00494-00743,Social Equality for Effective Development (SEED),222,78.08,54.23,20.14,17.35,2.08,115.88,15.09
2025-06,487,846,21112-00403-00846,Social Organization For Poverty Alleviation (SOPAN),222,43.15,66.4,15.48,19.26,1.22,106.18,6.74
2025-06,488,215,00736-02038-00215,Social Organization for Voluntary Advancement (SOVA),222,,72.31,55.1,21.7,3.23,119.55,17.37
2025-06,489,808,21112-01212-00808,SOCIAL PROGRESIVE SOCIETY,222,54.45,278.1,-15.82,9.32,-16.51,35.0,-185.53
2025-06,490,803,21112-00002-00803,Social Safety Net Foundation,222,75.61,48.63,10.38,22.92,2.85,115.79,14.77
2025-06,491,14,00161-00209-00014,Social Upliftment Society (SUS),222,42.2,82.87,23.61,21.8,-0.77,95.44,-4.5
2025-06,492,283,05797-03838-00283,Society for Action Research and Development,223,22.15,68.15,27.53,17.33,0.12,99.36,0.76
2025-06,493,319,05744-04167-00319,Society For Advancement Of Rural Areas (SARA),223,11.8,76.39,55.8,20.01,1.81,111.84,11.43
2025-06,494,154,01239-03336-00154,Society for Development Initiatives (SDI),223,37.18,57.91,15.31,23.43,3.11,111.61,15.34
2025-06,495,111,01076-00719-00111,Society for Family Happiness & Prosperity,223,17.71,58.33,15.93,24.2,1.28,106.41,7.02
2025-06,496,279,01874-02086-00279,Society for Project Implementation Research Evaluation & Training (SOPIRET),223,38.37,52.17,41.28,21.08,4.87,129.26,32.42
2025-06,497,836,21112-00746-00836,Society for Research and Development Steps),223,83.0,74.85,3.3,18.73,0.11,85.14,0.77
2025-06,498,534,01278-03047-00534,Society for Social Advancement of Rural People,223,64.97,60.1,15.76,13.7,1.77,113.44,14.09
2025-06,499,738,03395-00446-00738,Society for UDDOG.,223,,66.11,29.28,20.99,3.0,114.98,16.53
2025-06,500,500,06259-04852-00500,Society for Unhappy & Needy,223,,36.49,96.23,18.18,11.06,167.25,82.47
2025-06,501,287,01151-00141-00287,Socio Economic Backing Association (SEBA),223,28.2,61.63,15.49,22.4,1.92,109.71,9.93
2025-06,502,424,02168-04123-00424,Socio Economic Development Agency (SEDA),223,70.83,61.86,14.21,11.73,0.43,103.68,3.98
2025-06,503,532,01826-01668-00532,Socio Economic Health Education Organization,223,50.23,54.92,31.77,19.65,1.08,99.41,6.93
2025-06,504,746,03845-04957-00746,Socio Economy Advancement Organization,223,11.4,64.42,39.91,18.4,3.82,125.76,21.83
2025-06,505,11,01294-02087-00011,Sojag,223,53.89,48.72,6.3,22.21,0.65,102.0,4.3
2025-06,506,246,01402-00515-00246,SOLIDARITY,223,59.97,23.86,-53.94,1.79,0.28,102.75,24.67
2025-06,507,594,01682-00678-00594,Somaj Unnoyan Karjocrom (SUK),223,84.51,65.09,4.25,20.84,0.36,100.47,2.03
2025-06,508,377,00203-00656-00377,Sonali Bhabishyat,223,4.94,43.34,7.9,15.95,0.84,95.13,6.33
2025-06,509,765,21112-01180-00765,SONAR BANGLA POLLI UNNAYAN SANGSTHA,223,58.23,63.89,8.66,20.35,1.6,90.84,8.57
2025-06,510,60,01539-01289-00060,Social Organization for children & Nation (Soochana),223,7.65,75.99,10.43,20.5,0.41,101.58,2.19
2025-06,511,733,00124-00809-00733,Sopnil Bangladesh Foundation,224,24.87,85.05,22.28,16.0,1.68,108.87,11.9
2025-06,512,503,04014-03552-00503,Soul Foundation For Disadvantaged Women,224,32.84,85.09,20.48,21.74,0.1,99.86,0.47
2025-06,513,302,00452-03124-00302,South Asia Partnership Bangladesh (SAP-BD),224,44.5,78.26,10.47,21.0,0.13,98.75,0.66
2025-06,514,805,21112-00121-00805,SRISTY SAMAJIK UNNAYAN SANGSTHA,224,81.41,92.87,5.57,15.46,0.56,104.08,3.97
2025-06,515,239,00675-01941-00239,Srizony Foundation,224,48.47,90.98,21.51,22.72,-2.95,84.08,-17.66
2025-06,516,327,03227-00309-00327,Step Towards Empowerment of the Poor,224,4.74,72.45,48.4,19.78,0.28,100.84,1.93
2025-06,517,297,01996-00602-00297,Sthanio Unnayan Sangstha,224,63.01,54.31,10.14,18.77,1.17,106.69,6.97
2025-06,518,476,03853-01807-00476,Stitching Land Ontwikkelings Project Bangladesh,224,31.13,68.78,42.16,21.3,2.5,114.46,14.24
2025-06,519,267,02373-04595-00267,Suchana Samaj Unnayan Sangstha,224,63.96,101.62,-1.46,17.76,-4.02,76.85,-30.51
2025-06,520,698,05400-01060-00698,Supta Protiva Bikash Sangstha,224,47.57,49.24,17.9,21.71,4.83,129.8,23.71
2025-06,521,886,32021-00139-00886,Surjer Alo Jonokallayn Songstha (SPWO),224,56.2,60.96,21.01,24.33,7.71,153.14,36.24
2025-06,522,751,02604-04329-00751,Surovi,224,0.27,100.77,65.51,13.81,-1.77,71.11,-14.46
2025-06,523,811,21112-00467-00811,Swadesh Sheba (SS),224,,83.54,23.27,8.78,1.8,89.16,23.22
2025-06,524,559,01259-00750-00559,Swadesh Unnayan Sangstha- Gopalgonj (SUSG),224,,62.3,56.94,16.52,2.38,119.98,17.78
2025-06,525,608,00848-00578-00608,Swakalpa Society (Swakalpo),224,27.6,83.21,25.57,18.93,-0.47,96.91,-2.7
2025-06,526,93,01547-00063-00093,Taltala Jubo Unnayon Sangothon (TYDA),224,20.53,85.97,46.05,11.63,0.65,104.56,7.89
2025-06,527,653,02370-00151-00653,Tarana Trust,224,32.12,59.55,13.65,23.42,2.35,112.21,11.17
2025-06,528,523,01152-01809-00523,Training Assistance & Rural Advancement Non-Govt. Organization (Tarango),224,43.38,61.88,13.32,22.29,3.41,118.92,16.37
2025-06,529,699,01822-02985-00699,Technical Assistance For Rural Development,224,33.2,114.64,4.2,21.79,-7.26,71.57,-39.34
2025-06,530,621,00428-01937-00621,Tekshoi Unnayan Sangstha (TUS),224,32.63,60.87,5.11,14.06,0.35,102.21,2.69
2025-06,531,550,01921-04875-00550,Thanapara Swallows Development Society,225,6.88,42.93,40.58,8.56,7.84,82.28,95.28
2025-06,532,105,00704-00470-00105,TMSS,225,18.89,63.31,35.95,20.69,3.21,117.27,18.09
2025-06,533,521,00803-00269-00521,Tribedi Mahila Samaj Unnayan Sangstha,225,1.76,79.8,75.57,14.44,0.33,102.38,2.98
2025-06,534,858,21112-00344-00858,Trishna Samaj Kallyan Sangstha,225,,49.04,27.88,21.27,6.52,147.59,32.48
2025-06,535,587,01714-01452-00587,Udayan Samity (US),225,,59.21,40.98,17.19,3.73,131.79,24.8
2025-06,536,577,01027-03176-00577,Udayan Sangstha,225,,77.86,12.36,22.76,1.27,105.94,5.99
2025-06,537,165,00389-00173-00165,Udoy (Akti SamajKallyanmulak Protisthan,225,141.39,35.63,15.54,4.78,-4.58,32.03,-182.73
2025-06,538,415,01868-02583-00415,UJAN (Akti Manab Kallyan Sangstha),225,0.39,88.38,6.19,9.01,-5.75,59.57,-66.41
2025-06,539,3,00123-00848-00003,United Development Initiatives for Programmed Actions-(UDDIPAN),225,26.79,58.16,10.93,21.03,1.02,105.19,5.66
2025-06,540,435,00772-03919-00435,United Social Human Advancement Foundation (USHA),225,33.72,50.62,17.37,12.76,0.87,108.58,8.41
